Y_test,A_test,Y_score_raw_data,Y_pred_raw_data,Y_score_standard_PCA,Y_pred_standard_PCA,Y_score_fair_PCA,Y_pred_fair_PCA,Y_score_LAFTR,Y_pred_LAFTR
0,1,0.34641411619186685,0,0.41466057214866786,0,0.4512601105783263,0,0.372611582308957,0
0,1,0.25183313734459345,0,0.19865235910927106,0,0.22902755087492838,0,0.2263817704883331,0
0,1,0.5813946423022179,1,0.5356251174475057,1,0.5472384003462278,1,0.5912694045208633,1
1,1,0.24221468208834399,0,0.22664607232337167,0,0.23382872530066365,0,0.35120879196214694,0
0,1,0.11934961487665427,0,0.22274404949972945,0,0.24339268428250457,0,0.09275678609489554,0
0,1,0.31462231092878074,0,0.4383812193938211,0,0.48428139389171404,0,0.258679266886189,0
1,0,0.7063015569129386,1,0.5632413124746471,1,0.5776624606880181,1,0.5974495342906718,1
1,0,0.773145712156026,1,0.7568329336211415,1,0.6555063228231225,1,0.6463686215560261,1
0,0,0.5045219542185033,1,0.4050278484380523,0,0.353739568999644,0,0.4780366233939271,0
1,1,0.5863471683953827,1,0.6916463916407336,1,0.7321322448578924,1,0.7307431765723206,1
0,1,0.572259360625389,1,0.6794727884072916,1,0.722138760168677,1,0.5952881042980678,1
0,1,0.39838889816724343,0,0.2940472895892847,0,0.37663228806325566,0,0.33426759035149567,0
0,0,0.41040409153339713,0,0.32739771060741274,0,0.2837694571024079,0,0.2774460313715743,0
0,1,0.24059822025989622,0,0.20613113521885934,0,0.2693781891382858,0,0.1977580230879077,0
0,0,0.2621521571119317,0,0.3500924780049482,0,0.31757111149069145,0,0.20022531668135668,0
1,0,0.46624352826654997,0,0.3600627687135655,0,0.387741203355472,0,0.2821363495748682,0
0,0,0.8315460604974585,1,0.7632589712197784,1,0.7671719762611008,1,0.8978659704720646,1
0,1,0.42745738468256067,0,0.38502256470258134,0,0.46271168015145375,0,0.4389352755913758,0
0,0,0.29567342957152576,0,0.21535903249777685,0,0.18600560084029652,0,0.38328892422813704,0
1,0,0.45086529273149784,0,0.6472523731264355,1,0.5454596186735259,1,0.47545808101471065,0
1,0,0.521876784595439,1,0.5009151029795429,1,0.4445045438351245,0,0.5695765192942295,1
1,1,0.5318951823405557,1,0.6925785957378379,1,0.7089712821816877,1,0.4037283380470003,0
1,1,0.8102780215103278,1,0.7406524723480579,1,0.779143226577944,1,0.75672372987762,1
1,1,0.4086251495787696,0,0.40046510224785076,0,0.4514634286112913,0,0.3507121926907184,0
0,1,0.15015110444250748,0,0.2127308724572158,0,0.24354391311816778,0,0.1115109726826829,0
1,1,0.7004461733301663,1,0.6564047019023129,1,0.787856300377387,1,0.7655421974075305,1
0,1,0.2697137841102239,0,0.3609109208641387,0,0.34555473035059714,0,0.3298047843387918,0
0,1,0.6989518726534537,1,0.6889781193373021,1,0.7397528539255831,1,0.6795198200757527,1
1,0,0.6308087477202581,1,0.5897571899615426,1,0.48691661184861457,0,0.5418057259851039,1
0,1,0.48644384198347684,0,0.47029648798416385,0,0.4988073276086283,0,0.4999635582927104,0
0,1,0.5136948176522181,1,0.6981249198134402,1,0.7270011672026361,1,0.6156659980283723,1
0,0,0.38013315782670026,0,0.34395030485130423,0,0.3004643646506396,0,0.4836371112383965,0
0,1,0.2887757670715553,0,0.2705071859272411,0,0.33394148458699296,0,0.3243064720274171,0
0,0,0.29667349119411535,0,0.3999106247242226,0,0.2495486885533775,0,0.21308406265854543,0
1,0,0.9056710689188433,1,0.8272360915191443,1,0.8085985230643961,1,0.8898215908409515,1
1,1,0.5023378911442027,1,0.5606136220329767,1,0.6073840869984941,1,0.47224191285840905,0
0,0,0.3154974017153857,0,0.47163451010655544,0,0.2823694827582406,0,0.2896317200602484,0
0,1,0.5095629560709651,1,0.5675572279509287,1,0.6133736777775571,1,0.5448479950488243,1
1,1,0.6433193874207626,1,0.6831095267981933,1,0.7279276744653675,1,0.7117325238997861,1
1,0,0.3678604221846244,0,0.4402055019519635,0,0.3015379145802657,0,0.34778358774628837,0
1,1,0.6109402134747647,1,0.5193835969851738,1,0.5733953276776915,1,0.586710369112348,1
1,1,0.8057946515723439,1,0.7351914327506008,1,0.7747787641866035,1,0.8004956300818076,1
1,0,0.45086529273149784,0,0.6472523731264355,1,0.5454596186735259,1,0.47545808101471065,0
0,1,0.15750139478255498,0,0.17082337044855392,0,0.1909021170649017,0,0.16450532357993758,0
0,1,0.3172825875818951,0,0.3121079125273547,0,0.4159086920087835,0,0.2941864230660763,0
0,0,0.5738279293428132,1,0.43376601789220415,0,0.45050602684186064,0,0.3833865969797763,0
0,0,0.6552109945711838,1,0.5053877132373485,1,0.5397867127226551,1,0.5442455828724767,1
1,1,0.37460723202550317,0,0.44717554544679367,0,0.43765978693606444,0,0.3966941543521651,0
1,0,0.37460723202550317,0,0.44717554544679367,0,0.30686880427395996,0,0.3966941543521651,0
0,0,0.17349805092283627,0,0.1844064405001037,0,0.17688228019713043,0,0.09499554756589128,0
0,1,0.34641411619186685,0,0.41466057214866786,0,0.4512601105783263,0,0.372611582308957,0
1,1,0.6981783765099676,1,0.5954581364999411,1,0.6208219126163883,1,0.7866154736137877,1
1,0,0.8102780215103278,1,0.7406524723480579,1,0.6674216768245022,1,0.75672372987762,1
0,0,0.16691284898644276,0,0.19130684478578955,0,0.14090326269039372,0,0.11307278400439111,0
0,1,0.44211684151515446,0,0.6099040871329332,1,0.7397558846310047,1,0.6529326231862904,1
0,1,0.33594795868512756,0,0.23878181702582857,0,0.30391564455151143,0,0.23179844955444748,0
1,0,0.7068545898394237,1,0.7133112326285348,1,0.6131802361192934,1,0.6575118378641645,1
1,1,0.5893608516401736,1,0.596903873757369,1,0.7174554224840831,1,0.5187187841616279,1
1,1,0.579319413059131,1,0.6855914881162339,1,0.727164089305146,1,0.6800161159696696,1
1,0,0.489979039263558,0,0.46232092419355164,0,0.3516156294485174,0,0.5151471536627256,1
0,1,0.3699224759994733,0,0.32659920006555765,0,0.3895752404223001,0,0.2843705785280169,0
1,1,0.3800233181829139,0,0.5157503065584471,1,0.5729080961471912,1,0.19449658041139076,0
1,1,0.5779040091897737,1,0.5003305789355744,1,0.6286566315873013,1,0.6589568073828291,1
1,0,0.19478341878971928,0,0.20801769011704288,0,0.1728208697889213,0,0.25583825259165527,0
1,0,0.4393447332543921,0,0.3323559140418531,0,0.26625095508791335,0,0.4007967283998706,0
0,1,0.2606408414047223,0,0.20003896401048926,0,0.2189532156150222,0,0.09133261554649513,0
0,0,0.8235322772710205,1,0.7927555912263906,1,0.7036685798155113,1,0.8295879056492491,1
1,1,0.48675419010729604,0,0.6759045987625624,1,0.7037432670621785,1,0.5560238820758242,1
1,1,0.7572226498367087,1,0.6991261678509922,1,0.7386924709377659,1,0.7129036116240411,1
0,1,0.220531207024095,0,0.22815968588812552,0,0.24352165404163648,0,0.1890184828525997,0
0,1,0.19434953781148706,0,0.21706833446438195,0,0.21882042600751597,0,0.19411930651872505,0
1,0,0.4016591559561754,0,0.393704618809351,0,0.3134413148380505,0,0.37817457111069697,0
0,1,0.6009904650078431,1,0.6193420861840154,1,0.6870779883896247,1,0.5639154660807632,1
1,1,0.7632176119836184,1,0.7298529228186178,1,0.7640374476208971,1,0.8046188953684928,1
1,0,0.7288446135561056,1,0.758427479942748,1,0.6680115332236146,1,0.7273239848123977,1
0,1,0.4086251495787696,0,0.40046510224785076,0,0.4514634286112913,0,0.3507121926907184,0
0,0,0.41040409153339713,0,0.32739771060741274,0,0.2837694571024079,0,0.2774460313715743,0
1,1,0.5946991276043623,1,0.6969383940768643,1,0.7185510699411817,1,0.7001143785454316,1
1,0,0.8515763546770716,1,0.7497269422400146,1,0.6661995637603345,1,0.7728405132952908,1
0,1,0.16293214609545964,0,0.1869760995245171,0,0.21945241612373134,0,0.1014467579952828,0
0,1,0.7050943983520422,1,0.726537878461233,1,0.7587622239173478,1,0.791565967587555,1
0,1,0.4574716752611791,0,0.4470990259898386,0,0.45019121907953347,0,0.27786512518833845,0
1,0,0.773145712156026,1,0.7568329336211415,1,0.6555063228231225,1,0.6463686215560261,1
1,1,0.7768255568935036,1,0.763282998103525,1,0.8541121074516003,1,0.8456278949785644,1
1,1,0.6989518726534537,1,0.6889781193373021,1,0.7397528539255831,1,0.6795198200757527,1
1,0,0.6989518726534537,1,0.6889781193373021,1,0.6178778780852654,1,0.6795198200757527,1
1,1,0.5877134948320687,1,0.690940971607827,1,0.713429618478894,1,0.6582064003354307,1
0,1,0.35395700667234314,0,0.21868184234795993,0,0.2803492812585602,0,0.45470487878748744,0
0,0,0.40252629132433554,0,0.5270742765623189,1,0.349478908655225,0,0.4977461673021283,0
1,0,0.8478857038668425,1,0.7443910381903079,1,0.6605754813793207,1,0.8108489237508941,1
0,1,0.12364532356685005,0,0.16310708888812595,0,0.17800892092400705,0,0.12316815440174189,0
1,1,0.7285183736634703,1,0.7143517330043242,1,0.8235444705900878,1,0.8644664099559206,1
0,1,0.41850359206361176,0,0.4223324263092477,0,0.4704489444437037,0,0.3285690250843444,0
0,0,0.37460723202550317,0,0.44717554544679367,0,0.30686880427395996,0,0.3966941543521651,0
0,0,0.7788623091293726,1,0.7834914480208138,1,0.685484427817085,1,0.8400922288401388,1
1,0,0.5144478604615457,1,0.4322602053814282,0,0.3755026984610916,0,0.5156884735123403,1
1,0,0.47491354253299634,0,0.47004456230662994,0,0.3931620405801252,0,0.5375819714739453,1
1,0,0.5136948176522181,1,0.6981249198134402,1,0.6023644399773498,1,0.6156659980283723,1
0,1,0.31295752622280937,0,0.4430110977011549,0,0.5138448092993737,1,0.354642887230135,0
0,0,0.5008929463377803,1,0.48438595338800516,0,0.3731955113516727,0,0.6232680599663462,1
0,1,0.5463859606117384,1,0.5340395676635408,1,0.573194478077358,1,0.5978954608929389,1
0,1,0.23530347669160476,0,0.3339416597187366,0,0.325880687599175,0,0.23670573253966978,0
0,0,0.7079698415607649,1,0.6483373588026957,1,0.5602225129614795,1,0.674360698362118,1
1,0,0.7110689326195032,1,0.7321123503424732,1,0.6472465012499692,1,0.7571907560310289,1
0,1,0.3231640909732723,0,0.44907491631303914,0,0.4323249357957434,0,0.33372311075006694,0
1,0,0.32331186837344944,0,0.4735885381475861,0,0.3658747538652351,0,0.16150660090082347,0
1,1,0.17960596560487788,0,0.2406192850039064,0,0.2543790662995142,0,0.14387495117321106,0
1,0,0.6062859716397186,1,0.5797664509992366,1,0.5388695910095674,1,0.7588470281247525,1
0,1,0.6281343303806401,1,0.6709887511277969,1,0.7660630643833154,1,0.47548614778568327,0
1,0,0.39324632205512233,0,0.486848804966023,0,0.388131280070032,0,0.2563990424320169,0
1,1,0.8296256634214629,1,0.7947269039569623,1,0.801883157949987,1,0.7622681144944243,1
1,0,0.37303473735099174,0,0.4423139176246521,0,0.34097105594310284,0,0.6706723483098741,1
1,0,0.5882243729187737,1,0.5726238770008114,1,0.5659807377015177,1,0.5009188009330041,1
0,0,0.5292863316968759,1,0.36636465099177357,0,0.4022097306918758,0,0.3689944397466778,0
1,1,0.7315253739723752,1,0.7554474072803106,1,0.7698201604346756,1,0.6055774206950089,1
0,0,0.8409247605699057,1,0.7551239258841099,1,0.6595963848364538,1,0.5050842876453168,1
1,0,0.5136948176522181,1,0.6981249198134402,1,0.6023644399773498,1,0.6156659980283723,1
0,1,0.6433542990186435,1,0.6152489006491547,1,0.6518405622057388,1,0.6786812681745665,1
1,0,0.8741083328366943,1,0.8160979930716515,1,0.8055333449604102,1,0.9175165770452719,1
1,1,0.8755980785898497,1,0.8136545534236979,1,0.8731757624501295,1,0.8601556336595494,1
1,1,0.7110689326195032,1,0.7321123503424732,1,0.7633422583223036,1,0.7571907560310289,1
1,1,0.41981436082814444,0,0.3581152179666045,0,0.41688235675713575,0,0.36783868159741306,0
1,1,0.819292269152522,1,0.7880777587002602,1,0.802782504593995,1,0.8453223225919806,1
1,0,0.6537115428937155,1,0.7434851543818575,1,0.6470590196756812,1,0.7938064299391787,1
1,1,0.5943657611675707,1,0.5614632925397803,1,0.6325940457737494,1,0.5013523248570642,1
1,0,0.8167272225948912,1,0.7429586967947673,1,0.6605373583699471,1,0.7780880675728377,1
0,1,0.23535665917549536,0,0.20154843987978413,0,0.2644500984685465,0,0.1694383444310946,0
0,1,0.6119301924472818,1,0.5812948029133634,1,0.7397936836239323,1,0.7852515986548563,1
1,0,0.8478857038668425,1,0.7443910381903079,1,0.6605754813793207,1,0.8108489237508941,1
0,1,0.34641411619186685,0,0.41466057214866786,0,0.4512601105783263,0,0.372611582308957,0
1,0,0.8123609629583683,1,0.7375290097612137,1,0.6548672988933664,1,0.77926181825752,1
0,1,0.4363876998253287,0,0.575041018834704,1,0.6071882771000134,1,0.4725558001702672,0
1,1,0.3546263232032407,0,0.2671055969909873,0,0.35727999089104956,0,0.5468283626539632,1
1,1,0.26962909341390934,0,0.2486475585620484,0,0.2549017777730233,0,0.44351248211283517,0
0,0,0.7230945075816959,1,0.753216014636721,1,0.662402509338777,1,0.750278277732702,1
1,1,0.28752640890039527,0,0.43065995190134526,0,0.38453232088501316,0,0.3098859773716501,0
0,1,0.6499586792858775,1,0.6219114003813695,1,0.6575343428546346,1,0.6730837888529505,1
0,1,0.43599642778966596,0,0.35824414407776545,0,0.33876065544549244,0,0.5332794933551466,1
0,1,0.19328678959202034,0,0.29317730856822793,0,0.28970287952099805,0,0.189200205428592,0
1,0,0.8167272225948912,1,0.7429586967947673,1,0.6605373583699471,1,0.7780880675728377,1
0,1,0.2097802658958763,0,0.20003832485284403,0,0.23904228388148738,0,0.22707044751290342,0
0,1,0.38755054583017845,0,0.24015028536394215,0,0.3039516144379763,0,0.36259006875338895,0
0,1,0.3798194269534074,0,0.44929055111959865,0,0.4825945640251308,0,0.6795803874312139,1
1,1,0.579319413059131,1,0.6855914881162339,1,0.727164089305146,1,0.6800161159696696,1
0,0,0.5946991276043623,1,0.6969383940768643,1,0.5922203792361298,1,0.7001143785454316,1
0,1,0.18653333159697028,0,0.3407724495482971,0,0.32019343865767147,0,0.1370412696260276,0
1,1,0.48644384198347684,0,0.47029648798416385,0,0.4988073276086283,0,0.4999635582927104,0
1,1,0.46631076388961484,0,0.49103398076799326,0,0.5344448584845907,1,0.3203742032057266,0
0,0,0.5836638985891061,1,0.6310438757386433,1,0.5466180124556023,1,0.5721905009663865,1
1,1,0.6433193874207626,1,0.6831095267981933,1,0.7279276744653675,1,0.7117325238997861,1
1,0,0.557744168705426,1,0.5078145190989948,1,0.4458029451942266,0,0.6458075243170801,1
1,1,0.8232923400215117,1,0.752902535133275,1,0.8463391730248162,1,0.9175245914221618,1
1,0,0.7285183736634703,1,0.7143517330043242,1,0.7263962626837164,1,0.8644664099559206,1
0,0,0.3035247233428015,0,0.3647341177440486,0,0.29257877098627016,0,0.19433039762799947,0
1,1,0.8102780215103278,1,0.7406524723480579,1,0.779143226577944,1,0.75672372987762,1
1,1,0.7542406987718011,1,0.8183087810529908,1,0.8693209103914642,1,0.9453430835768782,1
0,1,0.15770686671116133,0,0.13284103170592906,0,0.17879525874767266,0,0.035639136601838664,0
0,1,0.7049987843749046,1,0.6949968176691145,1,0.7445722982637901,1,0.6230822153167926,1
0,1,0.17860596558869915,0,0.32159393249562207,0,0.3318863540239947,0,0.1596458586738584,0
0,0,0.7231865593698835,1,0.7806367848182545,1,0.6791904412265093,1,0.7603524438733207,1
0,0,0.2812508401569862,0,0.374037346597856,0,0.24005126870184965,0,0.48090624063280024,0
0,1,0.4314202458945048,0,0.6299148377396897,1,0.6586735349582259,1,0.3776543967588981,0
1,0,0.5925517399466707,1,0.5209510715409449,1,0.5249181554716303,1,0.6215914285865514,1
1,0,0.6366597672503859,1,0.6769652841742606,1,0.5974409814860716,1,0.6563941035978419,1
0,1,0.3697829324055131,0,0.3944714341180246,0,0.4680195358254842,0,0.3400813765449358,0
0,1,0.35538874121534714,0,0.25318321448065084,0,0.3604985432341625,0,0.2699241621114918,0
0,0,0.17097094270776417,0,0.19571375221291673,0,0.1439796955353063,0,0.13388600578267032,0
0,1,0.2338477045324384,0,0.18130073592317977,0,0.20005413647789283,0,0.14223771729677628,0
0,1,0.5535398915297938,1,0.5410593355404474,1,0.5793444194606507,1,0.5855965081533986,1
1,0,0.5764157904048687,1,0.5647350541227103,1,0.47532855644517996,0,0.5689231114972911,1
1,1,0.37792778095164387,0,0.43926692486167424,0,0.4270968923486287,0,0.4815736945081028,0
0,1,0.7086172862886955,1,0.6192059530921884,1,0.6584012556120833,1,0.7078976010423843,1
1,1,0.6858403828688899,1,0.7273613603038671,1,0.81663307379979,1,0.8790254370191312,1
1,0,0.7285183736634703,1,0.7143517330043242,1,0.7263962626837164,1,0.8644664099559206,1
1,1,0.5754009623985142,1,0.44351984042816156,0,0.46002173022793325,0,0.4892746467300219,0
0,1,0.412661437968028,0,0.5030121742214275,1,0.48795899070199045,0,0.3801144532889459,0
0,1,0.37460723202550317,0,0.44717554544679367,0,0.43765978693606444,0,0.3966941543521651,0
0,1,0.18354666203829964,0,0.20615319872796062,0,0.2396350804793018,0,0.15148101464476593,0
0,1,0.2338477045324384,0,0.18130073592317977,0,0.20005413647789283,0,0.14223771729677628,0
1,0,0.8163521230168668,1,0.8022477266133949,1,0.7268308945425069,1,0.8444809937163342,1
1,0,0.728935470397184,1,0.7854341457914679,1,0.6846533272788773,1,0.7836641594703511,1
1,0,0.776979552166351,1,0.5761564939995378,1,0.5612416367482345,1,0.740455986930274,1
0,1,0.774859354897849,1,0.6306697460452659,1,0.7406698819630858,1,0.7521649570807947,1
0,0,0.1919833824184359,0,0.38836198901794305,0,0.25058078208677986,0,0.15107405103861657,0
0,1,0.5535398915297938,1,0.5410593355404474,1,0.5793444194606507,1,0.5855965081533986,1
1,0,0.6415194730310098,1,0.5568346876538213,1,0.4484276788927806,0,0.6356307618469648,1
1,0,0.6014427327505216,1,0.6486117664113559,1,0.5343814170215716,1,0.6953740291859989,1
1,1,0.7572226498367087,1,0.6991261678509922,1,0.7386924709377659,1,0.7129036116240411,1
1,1,0.7884739705071099,1,0.7132027856394699,1,0.8173318196131464,1,0.732672282695976,1
1,0,0.6155470779846564,1,0.6316627058966778,1,0.5368107828011051,1,0.5691335258673951,1
1,0,0.34641411619186685,0,0.41466057214866786,0,0.31870826520096135,0,0.372611582308957,0
1,1,0.5946991276043623,1,0.6969383940768643,1,0.7185510699411817,1,0.7001143785454316,1
0,0,0.8691512733421768,1,0.809364744522441,1,0.7129388883678922,1,0.7182052155241797,1
0,1,0.270751472051682,0,0.30645565500925653,0,0.33292339151993594,0,0.2843748016261906,0
0,1,0.22086482355783482,0,0.30890312255676267,0,0.3320684350660202,0,0.24108932807887254,0
1,0,0.8057946515723439,1,0.7351914327506008,1,0.6618077325143086,1,0.8004956300818076,1
1,0,0.6039381587266657,1,0.47397155245690115,0,0.40862870056851247,0,0.666443392517663,1
1,1,0.2456390590004107,0,0.3855384152731455,0,0.3854067883412965,0,0.232217725658257,0
0,1,0.728935470397184,1,0.7854341457914679,1,0.7923869546204196,1,0.7836641594703511,1
0,1,0.5875073611220234,1,0.6356342219543997,1,0.6573494344352024,1,0.6931773580663813,1
0,0,0.6019058783594722,1,0.6943381832152842,1,0.5573630539307289,1,0.6058677594459669,1
1,0,0.2525322357740911,0,0.19811906106271926,0,0.14123696677896388,0,0.18339652822387234,0
1,1,0.5946991276043623,1,0.6969383940768643,1,0.7185510699411817,1,0.7001143785454316,1
1,0,0.8655376306471209,1,0.8527892978258741,1,0.7680668263788062,1,0.7987079333326808,1
1,1,0.5609846226612574,1,0.40590441264357224,0,0.4592009118209223,0,0.36130099793853526,0
1,1,0.2525322357740911,0,0.19811906106271926,0,0.22427586986307707,0,0.18339652822387234,0
0,1,0.4345458588871584,0,0.3917302881709584,0,0.4689787521649138,0,0.4047641352966683,0
0,0,0.5365483456694298,1,0.5049043752427967,1,0.4157125539967519,0,0.4356428003986607,0
1,0,0.7758656976314708,1,0.705965797737785,1,0.630297420722762,1,0.7231407354261146,1
1,0,0.7788093197338118,1,0.6971829267158073,1,0.5856625592972402,1,0.7951100331951733,1
1,0,0.7788623091293726,1,0.7834914480208138,1,0.685484427817085,1,0.8400922288401388,1
1,1,0.43201171803485516,0,0.3946697281272162,0,0.4517942475905467,0,0.35832453872009057,0
0,1,0.18084414791510173,0,0.17149243515072318,0,0.19141592819820594,0,0.10906697102465207,0
1,0,0.8102780215103278,1,0.7406524723480579,1,0.6674216768245022,1,0.75672372987762,1
1,0,0.46285005195620027,0,0.523990871799972,1,0.49124659040549046,0,0.5427256246180027,1
1,0,0.8296256634214629,1,0.7947269039569623,1,0.6971941568457314,1,0.7622681144944243,1
1,1,0.25103443635693196,0,0.3922493935736976,0,0.3913895416350219,0,0.29210833303872236,0
1,0,0.7590951632854962,1,0.7398123893508504,1,0.7244397646154177,1,0.6075990639240161,1
0,0,0.34641411619186685,0,0.41466057214866786,0,0.31870826520096135,0,0.372611582308957,0
0,1,0.47491354253299634,0,0.47004456230662994,0,0.5324776745150119,1,0.5375819714739453,1
0,0,0.6820545292795825,1,0.7186008340571587,1,0.6390208355224906,1,0.8091036860539127,1
1,1,0.34641411619186685,0,0.41466057214866786,0,0.4512601105783263,0,0.372611582308957,0
1,1,0.8274582588255232,1,0.7581184944860514,1,0.8495861162264502,1,0.9053185022805988,1
0,1,0.4677112430293001,0,0.46301661169307295,0,0.5262029029779556,1,0.5109715323438107,1
1,0,0.8102780215103278,1,0.7406524723480579,1,0.6674216768245022,1,0.75672372987762,1
0,0,0.5857524886980767,1,0.4464936955318449,0,0.3196793282019696,0,0.3487959237174048,0
0,0,0.39559471781436156,0,0.5200303566600661,1,0.3437749297896992,0,0.42485113694120075,0
1,1,0.663392138584148,1,0.7427579229897128,1,0.759951949656553,1,0.7555860455162454,1
0,1,0.14649985536474644,0,0.20803990263857788,0,0.23893388275170885,0,0.09135532999038609,0
1,0,0.8741083328366943,1,0.8160979930716515,1,0.8055333449604102,1,0.9175165770452719,1
1,1,0.6946454281269185,1,0.5325192727547304,1,0.5569358459596909,1,0.6752553189220739,1
1,1,0.7949864472500838,1,0.7420817471456977,1,0.8457754054527036,1,0.7544425940379254,1
0,1,0.2678943554422568,0,0.22672499204355717,0,0.2924322028633472,0,0.23320855130115228,0
1,1,0.6007586631121461,1,0.7449471352438761,1,0.7592485165202734,1,0.6290215121362177,1
0,1,0.38196012634022497,0,0.4565784775534846,0,0.5071315755381629,1,0.31535651826831873,0
0,0,0.46548408047496803,0,0.6508871681608758,1,0.5162051104830911,1,0.4459858326921541,0
1,1,0.32499988622596493,0,0.3474632344716145,0,0.3457404296617917,0,0.3653702434114242,0
0,1,0.42745738468256067,0,0.38502256470258134,0,0.46271168015145375,0,0.4389352755913758,0
0,1,0.13559006498337486,0,0.22154338466520757,0,0.23035139348552747,0,0.10678500303454302,0
0,1,0.5849384688142554,1,0.5073897429556379,1,0.6345169745956574,1,0.6764862174637724,1
0,1,0.48644384198347684,0,0.47029648798416385,0,0.4988073276086283,0,0.4999635582927104,0
1,1,0.5875530635607802,1,0.5058036315345877,1,0.5770187293836029,1,0.601455020597317,1
0,0,0.48644384198347684,0,0.47029648798416385,0,0.36148963833981396,0,0.4999635582927104,0
1,1,0.6793939897578664,1,0.6692910355433205,1,0.7699306169939528,1,0.8053063193485426,1
1,0,0.7788623091293726,1,0.7834914480208138,1,0.685484427817085,1,0.8400922288401388,1
0,0,0.4096004528426912,0,0.4847123982614405,0,0.3929661690713667,0,0.40358385043697836,0
1,1,0.7050943983520422,1,0.726537878461233,1,0.7587622239173478,1,0.791565967587555,1
0,1,0.18084414791510173,0,0.17149243515072318,0,0.19141592819820594,0,0.10906697102465207,0
1,1,0.2857973004736079,0,0.2235684408193167,0,0.2545586657550675,0,0.2600913875844838,0
1,0,0.5286025340268088,1,0.7507094404770929,1,0.6360875563783465,1,0.4667109598322132,0
1,1,0.43848457350070363,0,0.4326897879775004,0,0.43786186680797934,0,0.3323467587129891,0
1,0,0.7518694536741131,1,0.6931529784325527,1,0.6106068345371962,1,0.7511154570659817,1
0,1,0.538095961529111,1,0.4042542121702438,0,0.46745687548047016,0,0.5078762020226972,1
1,0,0.6088111005473947,1,0.7002982766052234,1,0.5635674235255714,1,0.6500165877161486,1
1,1,0.36674835474515743,0,0.4868835078492563,0,0.4931758508636109,0,0.37388085558889106,0
0,1,0.21790428319969543,0,0.23842671380882566,0,0.23896276154274407,0,0.3016051234843104,0
0,1,0.2697137841102239,0,0.3609109208641387,0,0.34555473035059714,0,0.3298047843387918,0
1,0,0.7572226498367087,1,0.6991261678509922,1,0.6165782965933725,1,0.7129036116240411,1
0,1,0.532000631706629,1,0.6061770359763109,1,0.6683555911276012,1,0.6061624807892191,1
1,0,0.3329192269985291,0,0.2417384361624643,0,0.20803489826681382,0,0.32795374644187714,0
1,1,0.7632176119836184,1,0.7298529228186178,1,0.7640374476208971,1,0.8046188953684928,1
1,0,0.8580186211311172,1,0.8469249756786809,1,0.8322861119315202,1,0.8029379982470592,1
0,0,0.7230945075816959,1,0.753216014636721,1,0.662402509338777,1,0.750278277732702,1
0,0,0.7104788239640273,1,0.5534458753625275,1,0.5704677178377219,1,0.623974072832166,1
1,0,0.6023834532187196,1,0.44126158913533875,0,0.4884453818289919,0,0.4657013737178124,0
1,0,0.7315253739723752,1,0.7554474072803106,1,0.655467927415615,1,0.6055774206950089,1
0,1,0.5391900955355663,1,0.6128977885645382,1,0.6739143973307327,1,0.6092749052155623,1
1,0,0.8741083328366943,1,0.8160979930716515,1,0.8055333449604102,1,0.9175165770452719,1
0,1,0.32653121565696686,0,0.23660005103495246,0,0.310482657575558,0,0.3391836580502065,0
0,1,0.8478119839807887,1,0.8341671644836299,1,0.8369395079431213,1,0.7714956953451779,1
0,1,0.267407715210043,0,0.4038842796468384,0,0.4229499787108261,0,0.21290836025473342,0
0,0,0.5020569221584154,1,0.5059363681528115,1,0.4457609390515683,0,0.4726867328513219,0
1,0,0.7110689326195032,1,0.7321123503424732,1,0.6472465012499692,1,0.7571907560310289,1
1,1,0.7049987843749046,1,0.6949968176691145,1,0.7445722982637901,1,0.6230822153167926,1
0,0,0.19932104099249934,0,0.3776732762406687,0,0.3046346880398142,0,0.22011017703995273,0
1,1,0.8212790168426845,1,0.7012954004167544,1,0.706720680667647,1,0.7001056673761927,1
1,0,0.34641411619186685,0,0.41466057214866786,0,0.31870826520096135,0,0.372611582308957,0
0,0,0.44171640186151145,0,0.29837972334102525,0,0.3330819733738079,0,0.35096405203693,0
1,0,0.4133579763629131,0,0.27927622259827495,0,0.23776780808891013,0,0.37901962452524557,0
1,1,0.4914298140638092,0,0.5029263338622665,1,0.5931921425851474,1,0.5391887273276282,1
0,0,0.6251914494194515,1,0.44918350283135555,0,0.48121273673931736,0,0.3766368166773136,0
1,0,0.7632176119836184,1,0.7298529228186178,1,0.6481255200615029,1,0.8046188953684928,1
0,0,0.5464978756004789,1,0.5704271494074387,1,0.5036402890930958,1,0.5884282614049728,1
1,1,0.6663554405143184,1,0.6438110051313094,1,0.6600111600703596,1,0.5432816877972465,1
1,0,0.7371640445176915,1,0.7606267263928158,1,0.6611332254123007,1,0.6398585678356749,1
1,0,0.6645952194347674,1,0.6519238045852329,1,0.5569157243857477,1,0.6239054273132664,1
0,0,0.8123609629583683,1,0.7375290097612137,1,0.6548672988933664,1,0.77926181825752,1
0,0,0.4803559537321087,0,0.3764425591542437,0,0.31829999762207944,0,0.609895799639103,1
0,1,0.22459774648891725,0,0.21524866269973475,0,0.31559412620599975,0,0.1627323798262619,0
0,1,0.8067026096176769,1,0.574032644359001,1,0.7245026973106589,1,0.639302702500072,1
0,0,0.6088111005473947,1,0.7002982766052234,1,0.5635674235255714,1,0.6500165877161486,1
1,0,0.67552481816602,1,0.4595901710120353,0,0.3766760858472752,0,0.5638212459257476,1
1,1,0.6088111005473947,1,0.7002982766052234,1,0.6941911040628023,1,0.6500165877161486,1
1,0,0.6433193874207626,1,0.6831095267981933,1,0.6034832342438374,1,0.7117325238997861,1
1,1,0.8292714443206569,1,0.8445731232422822,1,0.846968402006726,1,0.8749723107227402,1
0,0,0.17860596558869915,0,0.32159393249562207,0,0.22032052098461918,0,0.1596458586738584,0
1,1,0.2697137841102239,0,0.3609109208641387,0,0.34555473035059714,0,0.3298047843387918,0
0,1,0.28563381793302284,0,0.2819836284036003,0,0.32842476505775064,0,0.30314712750043804,0
1,1,0.6433193874207626,1,0.6831095267981933,1,0.7279276744653675,1,0.7117325238997861,1
1,0,0.12669737729477323,0,0.19599267828885447,0,0.12778909318857765,0,0.07420702863332218,0
1,1,0.4155339172030598,0,0.445575617933963,0,0.49475695983756784,0,0.3323588712228325,0
0,0,0.16855774817180588,0,0.26930506208203525,0,0.18602101016156955,0,0.2248377324316657,0
0,0,0.7064257442133108,1,0.4898202478055013,0,0.49804590367647406,0,0.47837137195096713,0
0,1,0.4898294150293013,0,0.5359502003607162,1,0.5678758902021979,1,0.5591499812513189,1
0,1,0.4096004528426912,0,0.4847123982614405,0,0.5322732747549384,1,0.40358385043697836,0
0,0,0.8102780215103278,1,0.7406524723480579,1,0.6674216768245022,1,0.75672372987762,1
1,1,0.5946991276043623,1,0.6969383940768643,1,0.7185510699411817,1,0.7001143785454316,1
0,0,0.71097446167957,1,0.7009495996907241,1,0.6296983324731562,1,0.603199093203376,1
1,1,0.7367894463259578,1,0.7208297984727541,1,0.7576352547690944,1,0.8047929868314679,1
0,0,0.26279817138852996,0,0.3248684942270511,0,0.2881170989179639,0,0.3064391247424763,0
1,1,0.6017472274110484,1,0.5097920685640807,1,0.5481126625524216,1,0.42391810021526277,0
0,0,0.773145712156026,1,0.7568329336211415,1,0.6555063228231225,1,0.6463686215560261,1
1,0,0.3608274406105491,0,0.32310783055297426,0,0.24831911035355866,0,0.3246192772242956,0
0,1,0.5875073611220234,1,0.6356342219543997,1,0.6573494344352024,1,0.6931773580663813,1
0,0,0.6537115428937155,1,0.7434851543818575,1,0.6470590196756812,1,0.7938064299391787,1
1,1,0.521876784595439,1,0.5009151029795429,1,0.5844901660746847,1,0.5695765192942295,1
0,1,0.220531207024095,0,0.22815968588812552,0,0.24352165404163648,0,0.1890184828525997,0
0,0,0.3908115127026084,0,0.3938032076336898,0,0.3004933835173458,0,0.4279510552889419,0
0,1,0.5141249999477892,1,0.39916078123401094,0,0.4705745866657862,0,0.2576887031048921,0
1,1,0.8274582588255232,1,0.7581184944860514,1,0.8495861162264502,1,0.9053185022805988,1
1,1,0.5570338072586242,1,0.5330914470820787,1,0.5688209336728832,1,0.7008147605466647,1
1,1,0.8227119560622719,1,0.7294147808336746,1,0.8314023306717527,1,0.8794453578580042,1
0,0,0.15114661040948613,0,0.2276678811232344,0,0.14044868945705186,0,0.20191518364345806,0
0,1,0.7109463168348766,1,0.7464494978904459,1,0.8195989696729815,1,0.6021063823418458,1
1,0,0.647139528685596,1,0.738062667389263,1,0.6412860904725162,1,0.7350254711796019,1
0,1,0.5013760669205487,1,0.5362017097084367,1,0.5345263371278872,1,0.5264461208482345,1
1,1,0.15125826956164826,0,0.11753403314103424,0,0.14580298412629897,0,0.027958538809591878,0
1,1,0.6705863721855073,1,0.7064611871398898,1,0.7166754217371462,1,0.4915913883696648,0
0,1,0.2622635027932103,0,0.22181237930208392,0,0.28724817108652095,0,0.20546499567194065,0
0,1,0.6072039705055144,1,0.6035805965046781,1,0.7345693075225761,1,0.6163316673430138,1
1,1,0.42745738468256067,0,0.38502256470258134,0,0.46271168015145375,0,0.4389352755913758,0
1,0,0.7632176119836184,1,0.7298529228186178,1,0.6481255200615029,1,0.8046188953684928,1
1,0,0.7566827560529887,1,0.7711354705548609,1,0.7500108621233155,1,0.7897532580519253,1
1,1,0.30731752690300335,0,0.33185718109659457,0,0.3723544406385065,0,0.376155379506148,0
1,0,0.8102780215103278,1,0.7406524723480579,1,0.6674216768245022,1,0.75672372987762,1
1,0,0.7049987843749046,1,0.6949968176691145,1,0.6238065336323473,1,0.6230822153167926,1
1,1,0.8102780215103278,1,0.7406524723480579,1,0.779143226577944,1,0.75672372987762,1
1,0,0.7882409070276696,1,0.8431171265454885,1,0.758115885711166,1,0.8605963540383894,1
1,0,0.34641411619186685,0,0.41466057214866786,0,0.31870826520096135,0,0.372611582308957,0
0,0,0.8102780215103278,1,0.7406524723480579,1,0.6674216768245022,1,0.75672372987762,1
1,0,0.47491354253299634,0,0.47004456230662994,0,0.3931620405801252,0,0.5375819714739453,1
0,0,0.49729588968647986,0,0.3982415034559207,0,0.34800325136693,0,0.5310731219425655,1
0,0,0.8352741521111855,1,0.7831144489053984,1,0.7684797935071023,1,0.8337443972399201,1
0,0,0.31114801597961916,0,0.25780903088242285,0,0.18741515372731735,0,0.22283221203103096,0
0,1,0.3792863812168023,0,0.48286305741998714,0,0.5563739288012227,1,0.5644028685200908,1
0,1,0.763706790984779,1,0.4996409317071122,0,0.6424494015797415,1,0.43967606391301595,0
0,1,0.22874515265922477,0,0.27860489520538895,0,0.32205221783775695,0,0.24290886346676852,0
1,1,0.7876881779183853,1,0.7279291907182185,1,0.8313784966718085,1,0.8015105413611948,1
1,1,0.608553418933533,1,0.7087330072375585,1,0.7286250984742157,1,0.7854770707463402,1
0,1,0.4737227528048697,0,0.5598191119921856,1,0.6043872277914192,1,0.36961461802637324,0
1,0,0.5023378911442027,1,0.5606136220329767,1,0.4680923480704281,0,0.47224191285840905,0
0,1,0.41040409153339713,0,0.32739771060741274,0,0.4105466208605765,0,0.2774460313715743,0
1,1,0.6177882380463668,1,0.5264283648606345,1,0.579544497873815,1,0.5465041671500386,1
1,0,0.47491354253299634,0,0.47004456230662994,0,0.3931620405801252,0,0.5375819714739453,1
0,1,0.22129638483168795,0,0.17539852068192838,0,0.20096318049925188,0,0.16187836991683233,0
1,1,0.5933399330175364,1,0.6976361155898418,1,0.7370426483007807,1,0.7537293277287718,1
1,0,0.773145712156026,1,0.7568329336211415,1,0.6555063228231225,1,0.6463686215560261,1
0,1,0.33594795868512756,0,0.23878181702582857,0,0.30391564455151143,0,0.23179844955444748,0
1,1,0.5946991276043623,1,0.6969383940768643,1,0.7185510699411817,1,0.7001143785454316,1
0,1,0.15015110444250748,0,0.2127308724572158,0,0.24354391311816778,0,0.1115109726826829,0
1,0,0.5743438277723825,1,0.5285946490638251,1,0.4013601164119569,0,0.5303903690774938,1
1,1,0.598104801329195,1,0.6901268614260015,1,0.7097654612288835,1,0.5537765766225036,1
0,0,0.3408185376864511,0,0.5055242607109988,1,0.4105651001206672,0,0.24977674153276402,0
1,0,0.6007586631121461,1,0.7449471352438761,1,0.6420861364679598,1,0.6290215121362177,1
0,1,0.3459432970038586,0,0.2485014638887879,0,0.4128073740051555,0,0.23389807314898023,0
1,1,0.47491354253299634,0,0.47004456230662994,0,0.5324776745150119,1,0.5375819714739453,1
1,1,0.48644384198347684,0,0.47029648798416385,0,0.4988073276086283,0,0.4999635582927104,0
0,1,0.14071500339335122,0,0.16912576861003706,0,0.18696172541861275,0,0.07279950033191684,0
0,1,0.25040342120557163,0,0.33591321326030826,0,0.38249835754804506,0,0.215386568125064,0
1,1,0.5671497788032115,1,0.4831869119095822,0,0.5157726901225735,1,0.7022514959421681,1
1,0,0.8057052073219495,1,0.8274497086227304,1,0.7459253528249857,1,0.7815449095718109,1
1,1,0.8102780215103278,1,0.7406524723480579,1,0.779143226577944,1,0.75672372987762,1
1,1,0.4480329570421176,0,0.3416207808927332,0,0.40270229213488745,0,0.3697815157326231,0
0,1,0.30731752690300335,0,0.33185718109659457,0,0.3723544406385065,0,0.376155379506148,0
0,1,0.7707597043126966,1,0.6349950846635212,1,0.6706348287786188,1,0.7644559861633317,1
1,1,0.40262915267490057,0,0.47766280766840924,0,0.525998201951077,1,0.40345237685997476,0
0,1,0.5979003084532063,1,0.6347514386841616,1,0.6533166674331872,1,0.6471411311602293,1
1,1,0.4984403811353021,0,0.6272323330960144,1,0.6595390571333583,1,0.37622021247173776,0
1,1,0.6569074223924087,1,0.7373254943027362,1,0.7553273333338877,1,0.6955777024721692,1
0,1,0.5219711906618524,1,0.47745325979931125,0,0.5578180697584043,1,0.6457721200327171,1
0,1,0.34716668088773706,0,0.2682458535177338,0,0.3347988462397209,0,0.28637774417697437,0
0,1,0.7371886574645992,1,0.537382191379022,1,0.6012060238902233,1,0.6914103714235801,1
0,1,0.1590526750998404,0,0.18689291371217873,0,0.20494083643492744,0,0.08154675718604691,0
1,1,0.34641411619186685,0,0.41466057214866786,0,0.4512601105783263,0,0.372611582308957,0
1,1,0.8235322772710205,1,0.7927555912263906,1,0.8067396587127914,1,0.8295879056492491,1
1,1,0.8431879600380027,1,0.8108249183073571,1,0.8736754800613986,1,0.8150986605132401,1
1,1,0.322429820149426,0,0.3898120425174497,0,0.4231503774507796,0,0.35652529847411213,0
1,0,0.6671085411093943,1,0.7905389378032843,1,0.6790115175525869,1,0.7161625958053047,1
0,1,0.4313808652069106,0,0.4257716359212299,0,0.4316725908790819,0,0.33651444630151356,0
0,1,0.21837649601213593,0,0.22874571769816615,0,0.2916357693326229,0,0.2574302103552288,0
0,1,0.5993655080800695,1,0.5728713505036466,1,0.6670206188680599,1,0.754446348354924,1
1,0,0.7002699960687531,1,0.5562825855751504,1,0.571506116508244,1,0.6489437577886389,1
0,1,0.4086251495787696,0,0.40046510224785076,0,0.4514634286112913,0,0.3507121926907184,0
0,1,0.7738437551174958,1,0.778662891610821,1,0.7888554075040932,1,0.8265398079218751,1
0,1,0.32921475677738327,0,0.40210769076357555,0,0.48607280414601917,0,0.501357516005994,1
1,0,0.5677785714966039,1,0.5550473705848894,1,0.45173109745425893,0,0.6130917607107458,1
0,0,0.8453479741885059,1,0.729970967419004,1,0.7050829030877719,1,0.7398554920918587,1
0,1,0.8358216182075167,1,0.8031985406870633,1,0.8669728910316197,1,0.9381332690500801,1
0,0,0.7854421048669412,1,0.773026246935429,1,0.6891161325022277,1,0.7884263543112541,1
1,0,0.6016466243679117,1,0.7028694828577686,1,0.5982883034636624,1,0.7439288999947175,1
1,1,0.6154170088821891,1,0.7145278176285074,1,0.7335763974049493,1,0.8105345270671824,1
1,1,0.3095188156442717,0,0.32913119647270084,0,0.38865956367232435,0,0.2913901250768684,0
0,1,0.18084414791510173,0,0.17149243515072318,0,0.19141592819820594,0,0.10906697102465207,0
0,1,0.34703099345379723,0,0.32993286449881426,0,0.40961472858161385,0,0.3165810112168239,0
1,0,0.663513386307976,1,0.7018658019898029,1,0.6024893340531348,1,0.6665725389892557,1
1,1,0.25103443635693196,0,0.3922493935736976,0,0.3913895416350219,0,0.29210833303872236,0
0,1,0.44089729935338734,0,0.45110268964948746,0,0.5892423741676796,1,0.46240555308839093,0
0,1,0.44089729935338734,0,0.45110268964948746,0,0.5892423741676796,1,0.46240555308839093,0
1,1,0.6886985222512719,1,0.668447261937643,1,0.7667527034092343,1,0.6306677433456719,1
0,1,0.3040859624369057,0,0.37832526379068465,0,0.3915851342260254,0,0.27076084692844943,0
0,1,0.6007586631121461,1,0.7449471352438761,1,0.7592485165202734,1,0.6290215121362177,1
0,1,0.1294970556223295,0,0.2751908717778439,0,0.2667698025171777,0,0.09030540957568758,0
1,0,0.6759344378549544,1,0.6649011684760974,1,0.6777454729706333,1,0.6358351548656115,1
1,1,0.43460085964120726,0,0.292501806201853,0,0.4612451819687256,0,0.3723333583191217,0
0,0,0.7107871049354553,1,0.7125857388644102,1,0.6144635000580494,1,0.7417251612916805,1
1,0,0.90061516654359,1,0.8190147482428346,1,0.8006811565529589,1,0.9252254241531114,1
0,1,0.2249397728235555,0,0.1947796991850308,0,0.28524302522452566,0,0.09353740486289752,0
0,1,0.48644384198347684,0,0.47029648798416385,0,0.4988073276086283,0,0.4999635582927104,0
1,0,0.5146603432375584,1,0.493855711213083,0,0.438294581921123,0,0.5755510526062785,1
0,1,0.4564405427269426,0,0.4631192992706967,0,0.5110076612056055,1,0.43468607146400334,0
1,0,0.5677785714966039,1,0.5550473705848894,1,0.45173109745425893,0,0.6130917607107458,1
1,1,0.7736004919641202,1,0.699769401768602,1,0.7413279210285219,1,0.7008978067145095,1
0,1,0.663392138584148,1,0.7427579229897128,1,0.759951949656553,1,0.7555860455162454,1
0,1,0.6148242035295641,1,0.7784188769109626,1,0.7901379662010121,1,0.875065502865735,1
0,1,0.1335756686737486,0,0.20701130753364327,0,0.20397818441892263,0,0.20301510746342719,0
1,0,0.6433193874207626,1,0.6831095267981933,1,0.6034832342438374,1,0.7117325238997861,1
0,0,0.42038431379934027,0,0.2849954261986192,0,0.24236250467319512,0,0.36511133384411326,0
0,1,0.34631676258971017,0,0.29335243653606186,0,0.3476054443226179,0,0.5585348496534553,1
0,1,0.30460276538217523,0,0.21740070802131656,0,0.2803149796371093,0,0.3427201387052031,0
1,1,0.7935251016554244,1,0.762546635659464,1,0.7766674570699509,1,0.7067723351742989,1
1,0,0.819292269152522,1,0.7880777587002602,1,0.6983899885928859,1,0.8453223225919806,1
1,1,0.663513386307976,1,0.7018658019898029,1,0.7271046492402539,1,0.6665725389892557,1
1,1,0.5938061353500641,1,0.7395447266649888,1,0.7546147241455409,1,0.5498914860656227,1
0,0,0.5009478183586223,1,0.47820508669016,0,0.4071893144174291,0,0.36194533261815237,0
0,1,0.3020639552569409,0,0.43445632290867237,0,0.5136475384106346,1,0.6158525677341053,1
0,0,0.6914509868613754,1,0.6536838859105377,1,0.6854160138191091,1,0.7738445411928961,1
0,1,0.26243308642179153,0,0.456646147731181,0,0.4259538217653941,0,0.20300424082051355,0
1,1,0.5200972197744648,1,0.5285714715458845,1,0.6542745044688362,1,0.8300069363576145,1
1,0,0.2677769424954914,0,0.2825505526078649,0,0.24476449423394805,0,0.2883932514624726,0
1,0,0.31869123504054875,0,0.341088460530996,0,0.2266831115216724,0,0.3768358277170581,0
0,1,0.8296256634214629,1,0.7947269039569623,1,0.801883157949987,1,0.7622681144944243,1
1,1,0.5123372237964259,1,0.4578263117115378,0,0.44061764425936983,0,0.4195731817472229,0
1,0,0.7759747802876641,1,0.6963554215416351,1,0.6065194273146889,1,0.7878531088740311,1
1,0,0.5012105523863866,1,0.3460956597647705,0,0.26359602229091117,0,0.401636900220533,0
1,1,0.647139528685596,1,0.738062667389263,1,0.7586119068350679,1,0.7350254711796019,1
0,1,0.16691284898644276,0,0.19130684478578955,0,0.22379709770389053,0,0.11307278400439111,0
0,1,0.22574766644822647,0,0.28400638706779874,0,0.3726592199106237,0,0.08670534890602098,0
0,0,0.5463859606117384,1,0.5340395676635408,1,0.4330943656121341,0,0.5978954608929389,1
1,0,0.728935470397184,1,0.7854341457914679,1,0.6846533272788773,1,0.7836641594703511,1
1,0,0.6569074223924087,1,0.7373254943027362,1,0.6371686195980772,1,0.6955777024721692,1
0,1,0.8397496512567554,1,0.8076240819253325,1,0.869850879693574,1,0.9435118960043379,1
1,1,0.5081522315524468,1,0.5958283900841851,1,0.7399139180395081,1,0.7524323947963596,1
1,1,0.7049987843749046,1,0.6949968176691145,1,0.7445722982637901,1,0.6230822153167926,1
0,0,0.12993021766438081,0,0.2004807680934261,0,0.13062273135021088,0,0.09751530323397187,0
1,1,0.6763964373024342,1,0.743877127501158,1,0.751455323827546,1,0.6320949432894513,1
0,1,0.5424940253202395,1,0.6175596042962276,1,0.7344091923047678,1,0.6572685147371918,1
1,1,0.3141066364049215,0,0.22650900766086615,0,0.385432920487957,0,0.22516293211286031,0
1,0,0.819292269152522,1,0.7880777587002602,1,0.6983899885928859,1,0.8453223225919806,1
1,1,0.521876784595439,1,0.5009151029795429,1,0.5844901660746847,1,0.5695765192942295,1
1,1,0.5535398915297938,1,0.5410593355404474,1,0.5793444194606507,1,0.5855965081533986,1
0,1,0.3095188156442717,0,0.32913119647270084,0,0.38865956367232435,0,0.2913901250768684,0
1,0,0.7207973610707828,1,0.6792209824041612,1,0.5585156651072416,1,0.7442565155305975,1
0,0,0.4311967121119189,0,0.5575153171041409,1,0.43374721931594706,0,0.33383467563474156,0
0,0,0.15312631336395288,0,0.2177316914431983,0,0.14348248675728317,0,0.17113510113696356,0
1,1,0.538095961529111,1,0.4042542121702438,0,0.46745687548047016,0,0.5078762020226972,1
0,1,0.3172825875818951,0,0.3121079125273547,0,0.4159086920087835,0,0.2941864230660763,0
1,0,0.7401715907599927,1,0.7650608878510423,1,0.7538980048009242,1,0.8556756469678296,1
0,1,0.1590526750998404,0,0.18689291371217873,0,0.20494083643492744,0,0.08154675718604691,0
1,0,0.5787610298473237,1,0.6428806015065129,1,0.53792374320765,1,0.43075084789519424,0
0,1,0.24221468208834399,0,0.22664607232337167,0,0.23382872530066365,0,0.35120879196214694,0
0,1,0.11449303170723031,0,0.18171055552734067,0,0.19069367276676455,0,0.08468239073856743,0
0,1,0.19853543629337878,0,0.1851531541497236,0,0.20556922063105412,0,0.14910605399344384,0
1,0,0.7794594711556087,1,0.7993166773202984,1,0.7047118873490308,1,0.8306777190547598,1
1,1,0.43754455493652666,0,0.33891772777117185,0,0.410146151270971,0,0.40055139230646264,0
1,1,0.783612944229439,1,0.7073920929747654,1,0.8135414208992472,1,0.7518905030461666,1
1,0,0.90061516654359,1,0.8190147482428346,1,0.8006811565529589,1,0.9252254241531114,1
1,1,0.4231367939026393,0,0.46517827106075066,0,0.48708702261794307,0,0.4299022624096097,0
0,1,0.19434953781148706,0,0.21706833446438195,0,0.21882042600751597,0,0.19411930651872505,0
0,0,0.4096004528426912,0,0.4847123982614405,0,0.3929661690713667,0,0.40358385043697836,0
0,1,0.8296256634214629,1,0.7947269039569623,1,0.801883157949987,1,0.7622681144944243,1
1,1,0.5136948176522181,1,0.6981249198134402,1,0.7270011672026361,1,0.6156659980283723,1
1,1,0.4086251495787696,0,0.40046510224785076,0,0.4514634286112913,0,0.3507121926907184,0
1,0,0.5906703574749588,1,0.6375939729240448,1,0.5528521645733904,1,0.609307714582939,1
0,0,0.8589699220313181,1,0.7959499992994951,1,0.6972300501208225,1,0.8300036669362288,1
0,0,0.5457652867103554,1,0.6166534736461009,1,0.5109172153161257,1,0.6495685795805868,1
0,0,0.5946991276043623,1,0.6969383940768643,1,0.5922203792361298,1,0.7001143785454316,1
1,1,0.8235322772710205,1,0.7927555912263906,1,0.8067396587127914,1,0.8295879056492491,1
1,0,0.728935470397184,1,0.7854341457914679,1,0.6846533272788773,1,0.7836641594703511,1
0,0,0.7147228181850155,1,0.6818908751758497,1,0.5933484468590873,1,0.6930385329063973,1
1,1,0.5979003084532063,1,0.6347514386841616,1,0.6533166674331872,1,0.6471411311602293,1
1,0,0.17832157178701621,0,0.23867891910953148,0,0.154671354362482,0,0.18280199395761237,0
0,0,0.7578979078183556,1,0.6256093843156509,1,0.5380747948721212,1,0.7419655390422106,1
0,1,0.6179296063594103,1,0.4528307143556547,0,0.49997562485129904,0,0.4981175860876276,0
1,0,0.5357986505879743,1,0.7559566881449569,1,0.6418974296794373,1,0.5433036304999371,1
1,0,0.6088111005473947,1,0.7002982766052234,1,0.5635674235255714,1,0.6500165877161486,1
0,1,0.15750139478255498,0,0.17082337044855392,0,0.1909021170649017,0,0.16450532357993758,0
0,1,0.2731081278718138,0,0.41070115441357813,0,0.4291086187012723,0,0.2488921348982206,0
0,1,0.21691450578972749,0,0.20197214215384268,0,0.23347465981376603,0,0.17803187112194754,0
0,1,0.6499586792858775,1,0.6219114003813695,1,0.6575343428546346,1,0.6730837888529505,1
0,1,0.7302003701066602,1,0.5694892896554862,1,0.6791320420961554,1,0.6990010443382746,1
1,1,0.432049054054039,0,0.3813196735980303,0,0.4569951671040261,0,0.46473161669638446,0
1,0,0.7975075098693128,1,0.7769805292204498,1,0.7639377820616761,1,0.6961854892127365,1
1,0,0.8658287803890149,1,0.8049695766919219,1,0.7077568483036513,1,0.7505514464005489,1
1,0,0.7590951632854962,1,0.7398123893508504,1,0.7244397646154177,1,0.6075990639240161,1
0,1,0.18791794534560413,0,0.21081295072776463,0,0.24425429790666103,0,0.15511393554500044,0
1,1,0.5593809987257543,1,0.5423690559205935,1,0.6165317784245641,1,0.5628249080498058,1
1,1,0.5682527546033213,1,0.6055447610458933,1,0.6137680370835735,1,0.5159932348540119,1
0,0,0.6386285800424791,1,0.5257306807955905,1,0.4022860254242027,0,0.648044809621214,1
0,1,0.12364532356685005,0,0.16310708888812595,0,0.17800892092400705,0,0.12316815440174189,0
0,1,0.09474059098449915,0,0.16083367925642897,0,0.17379963847788574,0,0.06232548052369819,0
0,1,0.2558679512447425,0,0.342241502640776,0,0.3884644993582596,0,0.26991988242741993,0
0,1,0.352512293006522,0,0.2538123839471476,0,0.4189255442055873,0,0.2408610282513301,0
1,1,0.5144478604615457,1,0.4322602053814282,0,0.5138595675841666,1,0.5156884735123403,1
1,0,0.8167272225948912,1,0.7429586967947673,1,0.6605373583699471,1,0.7780880675728377,1
0,1,0.34703099345379723,0,0.32993286449881426,0,0.40961472858161385,0,0.3165810112168239,0
1,0,0.5946991276043623,1,0.6969383940768643,1,0.5922203792361298,1,0.7001143785454316,1
1,1,0.6007586631121461,1,0.7449471352438761,1,0.7592485165202734,1,0.6290215121362177,1
1,0,0.6537115428937155,1,0.7434851543818575,1,0.6470590196756812,1,0.7938064299391787,1
0,0,0.8195461582081993,1,0.7703422462264903,1,0.6905025466506751,1,0.697179409014443,1
1,1,0.15312631336395288,0,0.2177316914431983,0,0.22749188359681666,0,0.17113510113696356,0
1,1,0.7285183736634703,1,0.7143517330043242,1,0.8235444705900878,1,0.8644664099559206,1
1,0,0.32499988622596493,0,0.3474632344716145,0,0.23112855630500534,0,0.3653702434114242,0
1,0,0.8605938004775019,1,0.7630797539280748,1,0.7734289816870011,1,0.903359395563281,1
1,0,0.6734962804251855,1,0.795176563461358,1,0.6844760349820197,1,0.7717154664575693,1
1,0,0.6692499322556783,1,0.630543844212508,1,0.5540033474019598,1,0.6889808048214437,1
0,0,0.5862432741393369,1,0.4800445337549774,0,0.5201392848306507,1,0.7724066435312097,1
1,0,0.8394124063071332,1,0.8549102548707702,1,0.8386774107507058,1,0.9054101230068521,1
0,1,0.16691284898644276,0,0.19130684478578955,0,0.22379709770389053,0,0.11307278400439111,0
1,1,0.33613642578901864,0,0.37930808958533346,0,0.5083653312319959,1,0.47425896227297604,0
0,1,0.5611251446782902,1,0.6795627295987197,1,0.709761396493732,1,0.6009974748969001,1
0,1,0.4415687556665173,0,0.3635535971094505,0,0.5475698402377727,1,0.4306603974433481,0
0,1,0.46548408047496803,0,0.6508871681608758,1,0.6522574591505096,1,0.4459858326921541,0
0,1,0.3869672678640543,0,0.35035012593916726,0,0.4364044083683963,0,0.4898175637004916,0
1,1,0.707820787496835,1,0.6915524888300743,1,0.7337685355895952,1,0.6404430822593908,1
0,0,0.6386285800424791,1,0.5257306807955905,1,0.4022860254242027,0,0.648044809621214,1
0,0,0.6500476022484732,1,0.6438660338920249,1,0.5677683944712127,1,0.6750189251121369,1
0,0,0.22129638483168795,0,0.17539852068192838,0,0.12516316992112894,0,0.16187836991683233,0
1,1,0.7026132587628567,1,0.6125254820341355,1,0.6527142756146115,1,0.726546433024924,1
1,1,0.7804917596455324,1,0.7255379337287001,1,0.8356601480767385,1,0.8265131379874326,1
0,1,0.2697137841102239,0,0.3609109208641387,0,0.34555473035059714,0,0.3298047843387918,0
0,0,0.37485021859280704,0,0.36507929724202126,0,0.32503179909231433,0,0.3131677999005064,0
0,1,0.14012125231849712,0,0.1803792196506436,0,0.19533393175642697,0,0.09979135610001506,0
1,0,0.773145712156026,1,0.7568329336211415,1,0.6555063228231225,1,0.6463686215560261,1
0,1,0.22485343136875108,0,0.25090315497245547,0,0.270980226260561,0,0.2666787248816516,0
1,0,0.4073713105979723,0,0.34413203874469983,0,0.35500597089889224,0,0.4050182272703277,0
1,0,0.45391892357894925,0,0.4522219616611319,0,0.36162989941514834,0,0.2990660289871626,0
0,0,0.5875073611220234,1,0.6356342219543997,1,0.5218288020397976,1,0.6931773580663813,1
1,0,0.7172697662295224,1,0.7479294882345096,1,0.6567474143364234,1,0.7225616346096954,1
1,1,0.42164899524888255,0,0.37848308105672124,0,0.46466188354634835,0,0.5265528726347157,1
0,1,0.24221468208834399,0,0.22664607232337167,0,0.23382872530066365,0,0.35120879196214694,0
0,1,0.11934961487665427,0,0.22274404949972945,0,0.24339268428250457,0,0.09275678609489554,0
0,0,0.6734962804251855,1,0.795176563461358,1,0.6844760349820197,1,0.7717154664575693,1
1,1,0.6028193372532116,1,0.6712090913892186,1,0.7216414728376797,1,0.7205108371288286,1
0,1,0.6734962804251855,1,0.795176563461358,1,0.7922518527789075,1,0.7717154664575693,1
1,1,0.41868316879318995,0,0.38316797321475254,0,0.3700007237530765,0,0.4967495638519924,0
1,0,0.4345458588871584,0,0.3917302881709584,0,0.33439390350636555,0,0.4047641352966683,0
1,1,0.7342269428469671,1,0.6561500940724091,1,0.7700760219539247,1,0.6985660075768407,1
0,1,0.23530347669160476,0,0.3339416597187366,0,0.325880687599175,0,0.23670573253966978,0
1,1,0.3406448919071377,0,0.262739260980532,0,0.32921321098994866,0,0.2375194661200362,0
1,1,0.7953760718514274,1,0.8050084180365592,1,0.8665279899763224,1,0.9068706548940594,1
1,1,0.47491354253299634,0,0.47004456230662994,0,0.5324776745150119,1,0.5375819714739453,1
1,1,0.7343032097001584,1,0.6771486795263665,1,0.8011186646481203,1,0.6803446869323185,1
0,1,0.4119931448691282,0,0.47960622271947023,0,0.42440140678631183,0,0.38383509537725574,0
0,0,0.8362829828748398,1,0.8221141392560775,1,0.7302592464237979,1,0.7539697796731992,1
0,1,0.2097802658958763,0,0.20003832485284403,0,0.23904228388148738,0,0.22707044751290342,0
1,0,0.5808123100775271,1,0.44563149348616604,0,0.36740311827693306,0,0.49930948789629703,0
1,1,0.4311967121119189,0,0.5575153171041409,1,0.5738447467548512,1,0.33383467563474156,0
1,1,0.35395700667234314,0,0.21868184234795993,0,0.2803492812585602,0,0.45470487878748744,0
0,1,0.21560269891559117,0,0.22322496050630664,0,0.23891191194378625,0,0.16995355347313837,0
0,1,0.6152156577664176,1,0.661373333772655,1,0.6796685827295933,1,0.6735449453590762,1
0,1,0.2590290780555462,0,0.27682787519039903,0,0.28775084439148274,0,0.19656375561677014,0
0,1,0.5535398915297938,1,0.5410593355404474,1,0.5793444194606507,1,0.5855965081533986,1
0,1,0.1335756686737486,0,0.20701130753364327,0,0.20397818441892263,0,0.20301510746342719,0
1,1,0.2097802658958763,0,0.20003832485284403,0,0.23904228388148738,0,0.22707044751290342,0
0,0,0.6896037247161643,1,0.44721747778613624,0,0.4097168738322343,0,0.4814728472221263,0
1,1,0.7184469875353295,1,0.5902017982569606,1,0.7199835582055801,1,0.6835575460712667,1
1,0,0.622489221154487,1,0.7120161611199322,1,0.5759148045544384,1,0.7230993254052535,1
1,0,0.7632176119836184,1,0.7298529228186178,1,0.6481255200615029,1,0.8046188953684928,1
1,0,0.6090136731556535,1,0.749655483063062,1,0.6262700358859821,1,0.5544065650246645,1
1,1,0.7572226498367087,1,0.6991261678509922,1,0.7386924709377659,1,0.7129036116240411,1
1,1,0.3398991039896677,0,0.4078234591366219,0,0.44503138079064297,0,0.3379274247797875,0
0,0,0.7186610566362981,1,0.5555917541825721,1,0.5337684571105876,1,0.6907104362192282,1
1,0,0.8383808782474738,1,0.824442674808459,1,0.8149190428331303,1,0.8364615093776885,1
0,1,0.2295091620787026,0,0.2153818157518072,0,0.25560387944769214,0,0.22751989604583575,0
1,0,0.7876881779183853,1,0.7279291907182185,1,0.7371668346530131,1,0.8015105413611948,1
0,0,0.4345458588871584,0,0.3917302881709584,0,0.33439390350636555,0,0.4047641352966683,0
0,1,0.2678943554422568,0,0.22672499204355717,0,0.2924322028633472,0,0.23320855130115228,0
1,0,0.6475453919017391,1,0.49269181494269015,0,0.497082887676223,0,0.49579515790404444,0
0,1,0.6088111005473947,1,0.7002982766052234,1,0.6941911040628023,1,0.6500165877161486,1
1,0,0.6088111005473947,1,0.7002982766052234,1,0.5635674235255714,1,0.6500165877161486,1
0,1,0.3976246245638355,0,0.3655670238745678,0,0.5085705327107014,1,0.5143890033649879,1
1,0,0.6985675500806375,1,0.7764836377229162,1,0.7451030208991883,1,0.8229360555894738,1
1,0,0.6911356486400017,1,0.6218391433146226,1,0.5267820482290667,1,0.6221615054597679,1
0,1,0.12364532356685005,0,0.16310708888812595,0,0.17800892092400705,0,0.12316815440174189,0
1,1,0.7001734830562054,1,0.5181285649277135,1,0.6848384747184064,1,0.5493801721620959,1
1,0,0.43126808866137334,0,0.3887269752922426,0,0.2859371561819839,0,0.5275231388502943,1
1,1,0.11065148664225212,0,0.1820841455252814,0,0.19472916574009597,0,0.058153643561358916,0
1,0,0.6683980637414729,1,0.6468854822080556,1,0.6179004446290064,1,0.675008742269009,1
1,0,0.6633234404954126,1,0.647516720049193,1,0.5387355121438314,1,0.6925348437741488,1
1,0,0.6418486160249036,1,0.5707433037244726,1,0.5713050424466689,1,0.6875671473968796,1
1,0,0.7137625101727227,1,0.6975432391717754,1,0.6165381005605446,1,0.6904953785442218,1
0,0,0.5672626471449483,1,0.5215528183517792,1,0.39532395146220306,0,0.5175880562374736,1
0,1,0.4792262702582372,0,0.4632680633836741,0,0.4925113484957809,0,0.4473343807637016,0
1,0,0.6177882380463668,1,0.5264283648606345,1,0.4394905141644675,0,0.5465041671500386,1
0,1,0.6795792485903254,1,0.7217256028517793,1,0.8128314962669265,1,0.8640197742252836,1
1,1,0.6500476022484732,1,0.6438660338920249,1,0.6978089322969298,1,0.6750189251121369,1
0,1,0.6432487957369771,1,0.5783217581625162,1,0.6343918375900811,1,0.6358380726080246,1
1,0,0.8640255692076727,1,0.7681470391850634,1,0.7778120997634713,1,0.8654114848684684,1
1,0,0.7185399829276876,1,0.6267600141634965,1,0.6121315690185984,1,0.6715377624265878,1
0,0,0.43754455493652666,0,0.33891772777117185,0,0.28343318953546753,0,0.40055139230646264,0
1,0,0.4086251495787696,0,0.40046510224785076,0,0.31888656716953195,0,0.3507121926907184,0
1,1,0.6433193874207626,1,0.6831095267981933,1,0.7279276744653675,1,0.7117325238997861,1
0,1,0.16559201008675775,0,0.21151986383329485,0,0.213986187575771,0,0.1840248914742597,0
0,1,0.650152188432054,1,0.6782467385572083,1,0.7135974491701448,1,0.7040688306171268,1
1,0,0.8102780215103278,1,0.7406524723480579,1,0.6674216768245022,1,0.75672372987762,1
1,1,0.16962452924765417,0,0.21626787338192197,0,0.21825290949196666,0,0.2184032425180779,0
1,0,0.5350637048723382,1,0.46016111841424906,0,0.38808382376792927,0,0.6074410891899714,1
1,1,0.6727005689797494,1,0.6847515433471439,1,0.7263143797839866,1,0.7173047847419813,1
1,0,0.90061516654359,1,0.8190147482428346,1,0.8006811565529589,1,0.9252254241531114,1
1,1,0.5158232133008951,1,0.5502147209715782,1,0.547034964238768,1,0.6361453314485536,1
1,1,0.7049987843749046,1,0.6949968176691145,1,0.7445722982637901,1,0.6230822153167926,1
0,1,0.2678943554422568,0,0.22672499204355717,0,0.2924322028633472,0,0.23320855130115228,0
0,0,0.47123580054992203,0,0.4841118431683736,0,0.43576097701926236,0,0.5452904415754537,1
1,1,0.7049987843749046,1,0.6949968176691145,1,0.7445722982637901,1,0.6230822153167926,1
0,1,0.2887757670715553,0,0.2705071859272411,0,0.33394148458699296,0,0.3243064720274171,0
0,0,0.45086529273149784,0,0.6472523731264355,1,0.5454596186735259,1,0.47545808101471065,0
1,0,0.8235322772710205,1,0.7927555912263906,1,0.7036685798155113,1,0.8295879056492491,1
1,1,0.30731752690300335,0,0.33185718109659457,0,0.3723544406385065,0,0.376155379506148,0
1,1,0.7230945075816959,1,0.753216014636721,1,0.7752423340693416,1,0.750278277732702,1
1,0,0.5069160482432854,1,0.436590184448411,0,0.4495526070972634,0,0.38890293402401616,0
0,1,0.38518303486755395,0,0.3306906896240129,0,0.38941688756206233,0,0.4566687711838735,0
0,0,0.19095910801220276,0,0.3471444289952944,0,0.2155431139362015,0,0.13745075343584337,0
1,0,0.7050943983520422,1,0.726537878461233,1,0.6414749394789183,1,0.791565967587555,1
0,1,0.6158742869573678,1,0.7549176726806484,1,0.7513019460837235,1,0.6087041659219024,1
0,1,0.34641411619186685,0,0.41466057214866786,0,0.4512601105783263,0,0.372611582308957,0
1,1,0.5391900955355663,1,0.6128977885645382,1,0.6739143973307327,1,0.6092749052155623,1
1,1,0.6433542990186435,1,0.6152489006491547,1,0.6518405622057388,1,0.6786812681745665,1
1,1,0.773145712156026,1,0.7568329336211415,1,0.7698502867694891,1,0.6463686215560261,1
1,0,0.8605938004775019,1,0.7630797539280748,1,0.7734289816870011,1,0.903359395563281,1
0,1,0.36674835474515743,0,0.4868835078492563,0,0.4931758508636109,0,0.37388085558889106,0
0,0,0.43628193931295944,0,0.44226443786439895,0,0.36294003195480123,0,0.39497590878424543,0
0,0,0.579319413059131,1,0.6855914881162339,1,0.6025610805297118,1,0.6800161159696696,1
0,1,0.19095910801220276,0,0.3471444289952944,0,0.3257003449878116,0,0.13745075343584337,0
1,1,0.26243308642179153,0,0.456646147731181,0,0.4259538217653941,0,0.20300424082051355,0
0,1,0.23748378411568416,0,0.28226483115333323,0,0.33375888970798084,0,0.3159428648925974,0
0,0,0.5520406925072432,1,0.32744178828606374,0,0.3748616114983252,0,0.4407696820962114,0
0,0,0.569343233094587,1,0.557781440935128,1,0.46905158206256586,0,0.541406387827673,1
0,0,0.47506285322714925,0,0.39770966210565156,0,0.3197238306917839,0,0.4399291149596653,0
1,1,0.7137625101727227,1,0.6975432391717754,1,0.7386596506126086,1,0.6904953785442218,1
0,1,0.24889751710079394,0,0.3732986102871673,0,0.3813607347104042,0,0.48467369287661377,0
0,1,0.48644384198347684,0,0.47029648798416385,0,0.4988073276086283,0,0.4999635582927104,0
1,0,0.5073020576580097,1,0.537762180353819,1,0.4748117460939557,0,0.5505299486123743,1
1,0,0.8167272225948912,1,0.7429586967947673,1,0.6605373583699471,1,0.7780880675728377,1
1,1,0.6432487957369771,1,0.5783217581625162,1,0.6343918375900811,1,0.6358380726080246,1
1,1,0.6649154359002897,1,0.717530610086896,1,0.7407460955556089,1,0.7811529988399782,1
0,1,0.34641411619186685,0,0.41466057214866786,0,0.4512601105783263,0,0.372611582308957,0
0,1,0.15750139478255498,0,0.17082337044855392,0,0.1909021170649017,0,0.16450532357993758,0
1,0,0.6700376390820294,1,0.7384600116628388,1,0.6264621855250105,1,0.5869850745544214,1
1,0,0.707820787496835,1,0.6915524888300743,1,0.61056640788193,1,0.6404430822593908,1
0,1,0.21691450578972749,0,0.20197214215384268,0,0.23347465981376603,0,0.17803187112194754,0
0,0,0.5643975835769168,1,0.5703683449590945,1,0.46033838314812636,0,0.3796357220859557,0
1,1,0.6981783765099676,1,0.5954581364999411,1,0.6208219126163883,1,0.7866154736137877,1
1,1,0.7572226498367087,1,0.6991261678509922,1,0.7386924709377659,1,0.7129036116240411,1
1,1,0.6088111005473947,1,0.7002982766052234,1,0.6941911040628023,1,0.6500165877161486,1
1,0,0.7049987843749046,1,0.6949968176691145,1,0.6238065336323473,1,0.6230822153167926,1
0,1,0.2697137841102239,0,0.3609109208641387,0,0.34555473035059714,0,0.3298047843387918,0
0,0,0.24443746138031608,0,0.35481487511349413,0,0.3301770033096202,0,0.330881742455912,0
0,1,0.8478857038668425,1,0.7443910381903079,1,0.7738174597093127,1,0.8108489237508941,1
1,0,0.690978432373285,1,0.46960933128664123,0,0.37534558337350726,0,0.41555970941065684,0
0,0,0.45086529273149784,0,0.6472523731264355,1,0.5454596186735259,1,0.47545808101471065,0
1,0,0.8589699220313181,1,0.7959499992994951,1,0.6972300501208225,1,0.8300036669362288,1
1,1,0.1442464420685946,0,0.1731311069986825,0,0.19082041593713492,0,0.0994631771471728,0
1,1,0.26798337092995894,0,0.230194779779007,0,0.29486972383995974,0,0.46963406400942587,0
1,0,0.7741128039369538,1,0.7588258591642273,1,0.6795985419326985,1,0.8023933019648508,1
1,1,0.819292269152522,1,0.7880777587002602,1,0.802782504593995,1,0.8453223225919806,1
0,0,0.40264374839339595,0,0.4908265283710475,0,0.41076380787266187,0,0.4786494001492501,0
1,1,0.6566978582073766,1,0.684377971224025,1,0.718717083806959,1,0.707605467590958,1
0,0,0.6034410437931702,1,0.46658493276727897,0,0.4369103348090974,0,0.47113226581501827,0
1,1,0.46786030694271813,0,0.39096536097530277,0,0.4461858544573917,0,0.42258035599893035,0
1,1,0.6683980637414729,1,0.6468854822080556,1,0.7397712543477457,1,0.675008742269009,1
1,0,0.44432964767398975,0,0.4186977555127568,0,0.3556217700028802,0,0.4049521509278522,0
0,1,0.6179864490991558,1,0.6287916772470024,1,0.6858574805300199,1,0.5508085862629017,1
1,1,0.611139740504764,1,0.6221767622587886,1,0.6804057171217517,1,0.5818170103976149,1
0,0,0.4297751283757041,0,0.40073832092511424,0,0.35433140820374537,0,0.10753305425470859,0
0,1,0.2606408414047223,0,0.20003896401048926,0,0.2189532156150222,0,0.09133261554649513,0
0,1,0.5610493852226439,1,0.5743329554985532,1,0.6132979509095695,1,0.4546410234302746,0
1,0,0.7632176119836184,1,0.7298529228186178,1,0.6481255200615029,1,0.8046188953684928,1
1,1,0.47506285322714925,0,0.39770966210565156,0,0.45241757007157035,0,0.4399291149596653,0
0,1,0.17648589467911074,0,0.23928359344633218,0,0.2914661840480766,0,0.18516650504371432,0
0,1,0.09060649488873436,0,0.18110124976327382,0,0.20105852390026363,0,0.01960061078235757,0
0,1,0.17412565186938594,0,0.23358553330749282,0,0.23876265151523576,0,0.13416702837517686,0
0,1,0.778529285362693,1,0.7462276146290917,1,0.7773867701125119,1,0.8363225584843061,1
0,1,0.2025543565640604,0,0.2613952752002637,0,0.26768489294353953,0,0.33348545862623896,0
1,0,0.8605938004775019,1,0.7630797539280748,1,0.7734289816870011,1,0.903359395563281,1
1,0,0.6499586792858775,1,0.6219114003813695,1,0.5220336674882554,1,0.6730837888529505,1
0,1,0.4302074563221313,0,0.47221017947526434,0,0.49338107412192306,0,0.4306529415583252,0
0,0,0.38445797099363066,0,0.24151261649518863,0,0.2850064321043414,0,0.4296678678426325,0
0,1,0.31446225691673585,0,0.2688104800277355,0,0.322182364999354,0,0.41747115574173194,0
0,0,0.3632110380970443,0,0.3204192494790443,0,0.2614553576512828,0,0.2606898759057395,0
0,0,0.32653121565696686,0,0.23660005103495246,0,0.20391582702474698,0,0.3391836580502065,0
0,1,0.6179864490991558,1,0.6287916772470024,1,0.6858574805300199,1,0.5508085862629017,1
1,0,0.8708930118100362,1,0.8118219699511783,1,0.8015575664141847,1,0.9292045223454091,1
0,1,0.12938676484364278,0,0.18872902078285486,0,0.21879328160910838,0,0.09006157526712652,0
1,1,0.6628207082110702,1,0.623941479044007,1,0.6804426883001242,1,0.7127117844498722,1
0,1,0.1333521734518354,0,0.17500356480899332,0,0.18933492824136228,0,0.11080183257627962,0
0,1,0.33980262940755274,0,0.2875329684665563,0,0.34191597133812424,0,0.47756413927599334,0
0,0,0.352512293006522,0,0.2538123839471476,0,0.2908375996868923,0,0.2408610282513301,0
1,0,0.6566978582073766,1,0.684377971224025,1,0.5924186419407594,1,0.707605467590958,1
0,1,0.21837649601213593,0,0.22874571769816615,0,0.2916357693326229,0,0.2574302103552288,0
1,1,0.4792262702582372,0,0.4632680633836741,0,0.4925113484957809,0,0.4473343807637016,0
1,1,0.7154307576913319,1,0.6737751456180704,1,0.7092431069631435,1,0.5823901558825473,1
0,0,0.5754009623985142,1,0.44351984042816156,0,0.32642722921958245,0,0.4892746467300219,0
0,1,0.4161027936657708,0,0.3111347503163507,0,0.4994169394663222,0,0.3090794320943141,0
1,0,0.6109402134747647,1,0.5193835969851738,1,0.43329596174984397,0,0.586710369112348,1
1,0,0.7141056692381055,1,0.6740452255511311,1,0.6882565137236729,1,0.7519714881392474,1
1,0,0.6019058783594722,1,0.6943381832152842,1,0.5573630539307289,1,0.6058677594459669,1
0,0,0.2678943554422568,0,0.22672499204355717,0,0.19035048539432284,0,0.23320855130115228,0
0,1,0.24186015614606368,0,0.19233878890589065,0,0.21762841214822065,0,0.14032567347158137,0
1,0,0.895602139467854,1,0.8585218521179453,1,0.8534215741746847,1,0.9221677370568487,1
1,1,0.35462803511211655,0,0.3958236275476547,0,0.4794560679861663,0,0.433244037017292,0
1,1,0.7315253739723752,1,0.7554474072803106,1,0.7698201604346756,1,0.6055774206950089,1
0,1,0.2516595780345571,0,0.2503632630118596,0,0.2824271058254543,0,0.2420807959602301,0
1,1,0.22870891592681644,0,0.17714688696607012,0,0.19605396552573084,0,0.110373484519547,0
1,1,0.4939775955924599,0,0.6820595408951983,1,0.7089672108847275,1,0.5677991727336713,1
1,1,0.4393447332543921,0,0.3323559140418531,0,0.38945731510931236,0,0.4007967283998706,0
1,1,0.5334474969417696,1,0.4276294408261353,0,0.6063918038878603,1,0.3994959140588402,0
1,0,0.7518694536741131,1,0.6931529784325527,1,0.6106068345371962,1,0.7511154570659817,1
0,1,0.3398991039896677,0,0.4078234591366219,0,0.44503138079064297,0,0.3379274247797875,0
1,1,0.7110689326195032,1,0.7321123503424732,1,0.7633422583223036,1,0.7571907560310289,1
1,0,0.5948352912050375,1,0.596487566895319,1,0.5273742509875582,1,0.540800950384038,1
0,1,0.4322378166859432,0,0.32611978730827346,0,0.38348548713585956,0,0.379094506210863,0
1,1,0.5544635337796675,1,0.5763860549575508,1,0.6174311989111557,1,0.4841492998542599,0
0,1,0.8741083328366943,1,0.8160979930716515,1,0.8792532633121364,1,0.9175165770452719,1
1,1,0.8167272225948912,1,0.7429586967947673,1,0.7737877000826077,1,0.7780880675728377,1
1,0,0.7788623091293726,1,0.7834914480208138,1,0.685484427817085,1,0.8400922288401388,1
0,0,0.37792778095164387,0,0.43926692486167424,0,0.29779092713473937,0,0.4815736945081028,0
1,0,0.4322378166859432,0,0.32611978730827346,0,0.2613596095311891,0,0.379094506210863,0
0,0,0.120547194085125,0,0.15928897925770857,0,0.1072431235006845,0,0.12507370190994962,0
0,1,0.15015110444250748,0,0.2127308724572158,0,0.24354391311816778,0,0.1115109726826829,0
0,1,0.26806625706320925,0,0.4636608951337145,0,0.4321234469468682,0,0.24382094051327793,0
0,1,0.21761493445318084,0,0.19289810116095918,0,0.2915755688599748,0,0.13058510402370438,0
0,1,0.45086529273149784,0,0.6472523731264355,1,0.6784103191351869,1,0.47545808101471065,0
1,1,0.7953012311127085,1,0.779774696747094,1,0.8574863884095708,1,0.8734417748715283,1
1,1,0.6624347725143422,1,0.7095388402800362,1,0.7341167811789816,1,0.4937823346092603,0
0,1,0.5513004994444004,1,0.43644787565181437,0,0.5832549752788935,1,0.6317890274673308,1
0,1,0.40262915267490057,0,0.47766280766840924,0,0.525998201951077,1,0.40345237685997476,0
0,1,0.40016399066305564,0,0.4939057748790588,0,0.5334862637118543,1,0.2568285024504623,0
1,0,0.7684980181958915,1,0.69380338946586,1,0.613858825605876,1,0.6787033695581918,1
1,0,0.7632176119836184,1,0.7298529228186178,1,0.6481255200615029,1,0.8046188953684928,1
1,1,0.5390848626227124,1,0.6985581037798989,1,0.7141404855575659,1,0.38825301963897685,0
0,1,0.5531462674858734,1,0.6909093546711759,1,0.7296463878395089,1,0.6291375937965353,1
1,1,0.46624352826654997,0,0.3600627687135655,0,0.5268035001187267,1,0.2821363495748682,0
0,0,0.5525426117676427,1,0.4556791161118704,0,0.3616791684597232,0,0.35207809576559335,0
1,0,0.8589699220313181,1,0.7959499992994951,1,0.6972300501208225,1,0.8300036669362288,1
0,1,0.48630108142163136,0,0.6052960612119019,1,0.5988957600059954,1,0.8370349416693741,1
0,1,0.3070883510826073,0,0.24153731486756436,0,0.37460073658329873,0,0.30004851464505927,0
0,0,0.7953012311127085,1,0.779774696747094,1,0.7738945190291139,1,0.8734417748715283,1
1,0,0.6989518726534537,1,0.6889781193373021,1,0.6178778780852654,1,0.6795198200757527,1
0,0,0.1744047742285061,0,0.3154643237989419,0,0.21602454808679347,0,0.13312873500634478,0
1,0,0.8741083328366943,1,0.8160979930716515,1,0.8055333449604102,1,0.9175165770452719,1
0,0,0.6683980637414729,1,0.6468854822080556,1,0.6179004446290064,1,0.675008742269009,1
1,0,0.7788623091293726,1,0.7834914480208138,1,0.685484427817085,1,0.8400922288401388,1
0,1,0.4086251495787696,0,0.40046510224785076,0,0.4514634286112913,0,0.3507121926907184,0
0,1,0.120547194085125,0,0.15928897925770857,0,0.17435347770456894,0,0.12507370190994962,0
0,0,0.20348647299484612,0,0.3159945784687951,0,0.21847325810927892,0,0.3356898441202013,0
0,1,0.7788623091293726,1,0.7834914480208138,1,0.7930199586488361,1,0.8400922288401388,1
0,1,0.2697137841102239,0,0.3609109208641387,0,0.34555473035059714,0,0.3298047843387918,0
0,0,0.6050326914241025,1,0.6961331342271222,1,0.5879016286787928,1,0.5688926512547131,1
1,0,0.685657069598781,1,0.6755112790912022,1,0.661272888726713,1,0.8379128098761858,1
0,1,0.4972039405409195,0,0.4693475447741957,0,0.4943439678682073,0,0.5385235389991437,1
1,1,0.3327462406748121,0,0.31486891932391164,0,0.3395503355492395,0,0.2352767403571233,0
0,1,0.1442464420685946,0,0.1731311069986825,0,0.19082041593713492,0,0.0994631771471728,0
1,0,0.8016906482124044,1,0.5015194353261266,1,0.5055116198039078,1,0.5119704997313156,1
1,0,0.6540196287667998,1,0.6318584241387812,1,0.5635633829701517,1,0.578665794811488,1
0,0,0.3095188156442717,0,0.32913119647270084,0,0.26559578970968617,0,0.2913901250768684,0
1,1,0.7579543499029997,1,0.7242491433065857,1,0.7594666277792427,1,0.8162149754783038,1
1,1,0.1327904708208969,0,0.28085901532370666,0,0.2717251521488995,0,0.10023154809309423,0
0,0,0.3425287179964488,0,0.24760145930790262,0,0.20490474899111819,0,0.5367858005343883,1
0,1,0.20050495297053372,0,0.19543376713062977,0,0.2914663031150178,0,0.17411069622924116,0
0,1,0.3976002634856985,0,0.41444127614039566,0,0.3898775415704867,0,0.39913568087730383,0
0,1,0.2697137841102239,0,0.3609109208641387,0,0.34555473035059714,0,0.3298047843387918,0
0,1,0.5079231591695934,1,0.4011306050782136,0,0.47637989437766504,0,0.47697200716840643,0
1,0,0.6956956760752663,1,0.5762026844804681,1,0.48278126542840344,0,0.6707198678058801,1
1,1,0.29095118259677677,0,0.44023827031503604,0,0.4340927302752755,0,0.4010069119072645,0
1,0,0.7284575265847584,1,0.6140581849262462,1,0.6325996690165672,1,0.5918477802889657,1
0,0,0.34716668088773706,0,0.2682458535177338,0,0.22258012829278573,0,0.28637774417697437,0
1,1,0.4302074563221313,0,0.47221017947526434,0,0.49338107412192306,0,0.4306529415583252,0
0,1,0.4728945725495995,0,0.71079268549715,1,0.7139728455342528,1,0.36154417599690486,0
1,1,0.5877134948320687,1,0.690940971607827,1,0.713429618478894,1,0.6582064003354307,1
1,0,0.5145247033279353,1,0.5447736717195064,1,0.48109595814798917,0,0.543378343273304,1
1,1,0.3057349005467069,0,0.3989967259613194,0,0.3647650919173974,0,0.6044448457614203,1
0,0,0.6288171402561447,1,0.6915229872507593,1,0.6024846083598847,1,0.6539422471823467,1
1,1,0.5873783692202197,1,0.5544986438334782,1,0.6267210083673775,1,0.5151028840710754,1
1,0,0.8656162866379846,1,0.7652497560742092,1,0.7679761546858699,1,0.863522645017233,1
1,1,0.7684980181958915,1,0.69380338946586,1,0.7364689276689127,1,0.6787033695581918,1
0,1,0.4635272233740348,0,0.43346694820302567,0,0.588831979793492,1,0.3721360987212592,0
1,1,0.7953760718514274,1,0.8050084180365592,1,0.8665279899763224,1,0.9068706548940594,1
0,1,0.5020569221584154,1,0.5059363681528115,1,0.5857250292597163,1,0.4726867328513219,0
1,1,0.2762925883395851,0,0.18241872175889728,0,0.20008134719200313,0,0.21983619245182986,0
1,0,0.5390848626227124,1,0.6985581037798989,1,0.5869680390042816,1,0.38825301963897685,0
1,1,0.6288171402561447,1,0.6915229872507593,1,0.727100733972163,1,0.6539422471823467,1
1,1,0.37460723202550317,0,0.44717554544679367,0,0.43765978693606444,0,0.3966941543521651,0
0,0,0.1377249121183311,0,0.19935378329673328,0,0.12640023172407452,0,0.040085218105836096,0
0,1,0.47123580054992203,0,0.4841118431683736,0,0.5758474834288331,1,0.5452904415754537,1
1,0,0.6484656434629195,1,0.577647430247648,1,0.5774621396475792,1,0.6898612062208745,1
1,0,0.8102780215103278,1,0.7406524723480579,1,0.6674216768245022,1,0.75672372987762,1
0,1,0.2338845085629754,0,0.28431577427385935,0,0.3275756881643175,0,0.2958994680486958,0
1,1,0.19328678959202034,0,0.29317730856822793,0,0.28970287952099805,0,0.189200205428592,0
1,0,0.7456334554085262,1,0.6806274207555101,1,0.6707696323411405,1,0.6817966067069281,1
0,0,0.7026715905950153,1,0.7777380947984415,1,0.6754829330684629,1,0.7559708449403355,1
1,0,0.7804917596455324,1,0.7255379337287001,1,0.7431015100070479,1,0.8265131379874326,1
0,1,0.19095910801220276,0,0.3471444289952944,0,0.3257003449878116,0,0.13745075343584337,0
0,1,0.19328678959202034,0,0.29317730856822793,0,0.28970287952099805,0,0.189200205428592,0
1,0,0.5804852141510304,1,0.6290693107724301,1,0.515541141799143,1,0.6921410173675451,1
0,1,0.2471152882013752,0,0.19367103483758238,0,0.21992452713150185,0,0.21547302744781438,0
1,1,0.6317922121497493,1,0.5914171426564443,1,0.6139626523734327,1,0.632540882014606,1
0,1,0.30460276538217523,0,0.21740070802131656,0,0.2803149796371093,0,0.3427201387052031,0
0,1,0.46168875943278487,0,0.48090263803453775,0,0.5453726127230613,1,0.43783281972627425,0
0,0,0.5836638985891061,1,0.6310438757386433,1,0.5466180124556023,1,0.5721905009663865,1
1,1,0.34631676258971017,0,0.29335243653606186,0,0.3476054443226179,0,0.5585348496534553,1
0,0,0.3296677284150648,0,0.4806333278968419,0,0.37173769816387486,0,0.17948887802205402,0
0,1,0.3398991039896677,0,0.4078234591366219,0,0.44503138079064297,0,0.3379274247797875,0
1,1,0.5979003084532063,1,0.6347514386841616,1,0.6533166674331872,1,0.6471411311602293,1
1,0,0.8336724374230404,1,0.7992953461518622,1,0.7024847611119707,1,0.7682100342222542,1
0,0,0.32499988622596493,0,0.3474632344716145,0,0.23112855630500534,0,0.3653702434114242,0
0,1,0.29567342957152576,0,0.21535903249777685,0,0.28658198412795727,0,0.38328892422813704,0
0,0,0.2647045946122191,0,0.2212390149004186,0,0.15200828245475842,0,0.26006450865458286,0
1,1,0.38104792841503193,0,0.3543296526512718,0,0.44714251025800517,0,0.07082696221869092,0
1,0,0.8358216182075167,1,0.8031985406870633,1,0.7875668571069242,1,0.9381332690500801,1
1,0,0.8755980785898497,1,0.8136545534236979,1,0.7966036750663402,1,0.8601556336595494,1
0,1,0.2097802658958763,0,0.20003832485284403,0,0.23904228388148738,0,0.22707044751290342,0
1,0,0.6537115428937155,1,0.7434851543818575,1,0.6470590196756812,1,0.7938064299391787,1
0,1,0.37460723202550317,0,0.44717554544679367,0,0.43765978693606444,0,0.3966941543521651,0
1,0,0.36674835474515743,0,0.4868835078492563,0,0.3563063273833579,0,0.37388085558889106,0
1,0,0.7189818241422755,1,0.7484611293409934,1,0.7335007208679057,1,0.7228207288804394,1
0,1,0.3398991039896677,0,0.4078234591366219,0,0.44503138079064297,0,0.3379274247797875,0
1,1,0.5875073611220234,1,0.6356342219543997,1,0.6573494344352024,1,0.6931773580663813,1
1,1,0.5390848626227124,1,0.6985581037798989,1,0.7141404855575659,1,0.38825301963897685,0
1,0,0.647139528685596,1,0.738062667389263,1,0.6412860904725162,1,0.7350254711796019,1
0,1,0.5056262165972654,1,0.42987160149102127,0,0.43881025805209023,0,0.4590250385202786,0
1,0,0.5906703574749588,1,0.6375939729240448,1,0.5528521645733904,1,0.609307714582939,1
1,1,0.48200378823994633,0,0.4160202479614619,0,0.45132068106589235,0,0.6570116660499938,1
1,0,0.37460723202550317,0,0.44717554544679367,0,0.30686880427395996,0,0.3966941543521651,0
1,1,0.6079012219804681,1,0.6259767957280055,1,0.6924673776269112,1,0.5164688824807886,1
0,0,0.38755054583017845,0,0.24015028536394215,0,0.19897954097518303,0,0.36259006875338895,0
0,1,0.46609144507213957,0,0.4755788976092437,0,0.5577761317794779,1,0.3848714475051699,0
0,1,0.5611251446782902,1,0.6795627295987197,1,0.709761396493732,1,0.6009974748969001,1
0,1,0.14012125231849712,0,0.1803792196506436,0,0.19533393175642697,0,0.09979135610001506,0
1,1,0.2678943554422568,0,0.22672499204355717,0,0.2924322028633472,0,0.23320855130115228,0
1,1,0.5319240385551073,1,0.4947650475346033,0,0.5665350213973614,1,0.5491055251471584,1
0,1,0.1326778026053054,0,0.19309072458735996,0,0.2231286440891686,0,0.1149771896335992,0
0,0,0.22459774648891725,0,0.21524866269973475,0,0.2078016186715897,0,0.1627323798262619,0
1,1,0.48644384198347684,0,0.47029648798416385,0,0.4988073276086283,0,0.4999635582927104,0
1,0,0.7788093197338118,1,0.6971829267158073,1,0.5856625592972402,1,0.7951100331951733,1
1,1,0.6109402134747647,1,0.5193835969851738,1,0.5733953276776915,1,0.586710369112348,1
0,1,0.6179864490991558,1,0.6287916772470024,1,0.6858574805300199,1,0.5508085862629017,1
1,1,0.49705426021506494,0,0.5429658177551815,1,0.5740455177488446,1,0.5750954929051882,1
0,1,0.24037833309740672,0,0.26327591356128205,0,0.36721968484972894,0,0.17438855042249357,0
0,0,0.7953760718514274,1,0.8050084180365592,1,0.7869216569569141,1,0.9068706548940594,1
0,0,0.19095910801220276,0,0.3471444289952944,0,0.2155431139362015,0,0.13745075343584337,0
0,1,0.32653121565696686,0,0.23660005103495246,0,0.310482657575558,0,0.3391836580502065,0
1,1,0.6110825201359765,1,0.4458436131091708,0,0.4936794246801645,0,0.5565265989001617,1
0,1,0.2697137841102239,0,0.3609109208641387,0,0.34555473035059714,0,0.3298047843387918,0
1,1,0.783612944229439,1,0.7073920929747654,1,0.8135414208992472,1,0.7518905030461666,1
1,0,0.7050943983520422,1,0.726537878461233,1,0.6414749394789183,1,0.791565967587555,1
1,0,0.628365972476392,1,0.6455903882169599,1,0.5800806737537446,1,0.5636477970344124,1
1,0,0.549869302008992,1,0.6803756481505129,1,0.6767239692860708,1,0.7690116105444491,1
1,0,0.7231865593698835,1,0.7806367848182545,1,0.6791904412265093,1,0.7603524438733207,1
1,1,0.23614600660561244,0,0.28363973301052386,0,0.27584113174466274,0,0.3879968974948505,0
0,1,0.428921625545256,0,0.4452958850495872,0,0.5359858383794268,1,0.6294488377913112,1
1,1,0.5365483456694298,1,0.5049043752427967,1,0.5557015401326505,1,0.4356428003986607,0
1,1,0.7654283812033422,1,0.7315255518379246,1,0.8416196312005472,1,0.7274550474610312,1
1,0,0.812470815653105,1,0.6979418747964121,1,0.6065600033681214,1,0.7497945867626491,1
1,0,0.46631076388961484,0,0.49103398076799326,0,0.3950494403993055,0,0.3203742032057266,0
0,0,0.19964637572578514,0,0.24723294818180155,0,0.1786345289395865,0,0.18988186939202106,0
1,0,0.45086529273149784,0,0.6472523731264355,1,0.5454596186735259,1,0.47545808101471065,0
1,1,0.3095188156442717,0,0.32913119647270084,0,0.38865956367232435,0,0.2913901250768684,0
0,1,0.4086251495787696,0,0.40046510224785076,0,0.4514634286112913,0,0.3507121926907184,0
1,0,0.8787125420762373,1,0.8178982751142578,1,0.8006540209280525,1,0.8634560331084005,1
0,1,0.5390848626227124,1,0.6985581037798989,1,0.7141404855575659,1,0.38825301963897685,0
1,0,0.7578979078183556,1,0.6256093843156509,1,0.5380747948721212,1,0.7419655390422106,1
0,1,0.7095798983181998,1,0.5425321891098571,1,0.5555360991471147,1,0.6283788663528241,1
1,1,0.7738437551174958,1,0.778662891610821,1,0.7888554075040932,1,0.8265398079218751,1
0,1,0.22485343136875108,0,0.25090315497245547,0,0.270980226260561,0,0.2666787248816516,0
0,0,0.2175751235051193,0,0.2028038343509484,0,0.14000694600802988,0,0.12894939533980113,0
0,1,0.19095910801220276,0,0.3471444289952944,0,0.3257003449878116,0,0.13745075343584337,0
1,1,0.5172772067417201,1,0.41882273795537855,0,0.5060500030354997,1,0.3510591882048864,0
0,0,0.4042443986987847,0,0.4184441603422806,0,0.3623966380123361,0,0.6146149383016728,1
1,1,0.7137625101727227,1,0.6975432391717754,1,0.7386596506126086,1,0.6904953785442218,1
1,1,0.3040859624369057,0,0.37832526379068465,0,0.3915851342260254,0,0.27076084692844943,0
1,1,0.6062859716397186,1,0.5797664509992366,1,0.6725908396438671,1,0.7588470281247525,1
1,1,0.4133579763629131,0,0.27927622259827495,0,0.35415547375944645,0,0.37901962452524557,0
0,1,0.2677769424954914,0,0.2825505526078649,0,0.3629462449870049,0,0.2883932514624726,0
0,1,0.16691284898644276,0,0.19130684478578955,0,0.22379709770389053,0,0.11307278400439111,0
0,1,0.4396416743139522,0,0.5915395655039085,1,0.5272048076852164,1,0.6408696480790205,1
1,0,0.8577719569529255,1,0.8105122233044617,1,0.79427084564231,1,0.7577942194797705,1
1,0,0.8102780215103278,1,0.7406524723480579,1,0.6674216768245022,1,0.75672372987762,1
0,1,0.12983269147552412,0,0.22643471478880298,0,0.241094696380855,0,0.03233400265443129,0
0,1,0.3040859624369057,0,0.37832526379068465,0,0.3915851342260254,0,0.27076084692844943,0
0,1,0.2263174937973738,0,0.1795203170604489,0,0.20503797024692533,0,0.17216483547056832,0
1,0,0.576623472584689,1,0.6244451241705149,1,0.5403692045178906,1,0.5652348629051586,1
1,1,0.8000402765168839,1,0.8094029178006417,1,0.8694141541130612,1,0.9284448087165578,1
0,1,0.28752640890039527,0,0.43065995190134526,0,0.38453232088501316,0,0.3098859773716501,0
1,0,0.6469883320009039,1,0.5633125521028731,1,0.49484961133191424,0,0.6240384917644966,1
1,1,0.32653121565696686,0,0.23660005103495246,0,0.310482657575558,0,0.3391836580502065,0
0,1,0.41040409153339713,0,0.32739771060741274,0,0.4105466208605765,0,0.2774460313715743,0
0,1,0.30337560989572254,0,0.3229263105197515,0,0.38269230078264127,0,0.2738441834967008,0
1,1,0.08281391656043664,0,0.21878689778501137,0,0.2032204418039116,0,0.051847989694083024,0
1,0,0.7680522423197363,1,0.7607798705758024,1,0.6849198905237734,1,0.6300202981288019,1
1,1,0.32653121565696686,0,0.23660005103495246,0,0.310482657575558,0,0.3391836580502065,0
0,0,0.2797725901366717,0,0.2763015086969145,0,0.2133854440382805,0,0.28881932028991486,0
1,0,0.8429776893611827,1,0.8340036101940598,1,0.7704667956439083,1,0.7741194041091128,1
0,0,0.5486435525335793,1,0.4071574199741765,0,0.3262165202016993,0,0.3983585163494673,0
1,1,0.25103443635693196,0,0.3922493935736976,0,0.3913895416350219,0,0.29210833303872236,0
0,0,0.31975879855356454,0,0.34449651719840085,0,0.2619436166778326,0,0.45708053530459,0
0,1,0.18653333159697028,0,0.3407724495482971,0,0.32019343865767147,0,0.1370412696260276,0
1,1,0.8589699220313181,1,0.7959499992994951,1,0.8019101676559486,1,0.8300036669362288,1
0,1,0.3082647392795007,0,0.26329646727774136,0,0.3167070027941681,0,0.3436806100295816,0
0,0,0.7227074000900782,1,0.7126524676044713,1,0.6413653707494127,1,0.6977222652807383,1
1,1,0.5518579857430176,1,0.46912250649797316,0,0.431711550853456,0,0.7135748087441243,1
0,1,0.7804917596455324,1,0.7255379337287001,1,0.8356601480767385,1,0.8265131379874326,1
0,0,0.44885595767500336,0,0.304324951277199,0,0.33870010495498226,0,0.30045272519552174,0
0,0,0.17860596558869915,0,0.32159393249562207,0,0.22032052098461918,0,0.1596458586738584,0
0,0,0.8021352166679141,1,0.7818355040920458,1,0.7684495417338241,1,0.7183823450353835,1
1,1,0.6253556640751455,1,0.6605196054535196,1,0.6757689321325625,1,0.5941412987774831,1
1,1,0.5875073611220234,1,0.6356342219543997,1,0.6573494344352024,1,0.6931773580663813,1
1,1,0.5779040091897737,1,0.5003305789355744,1,0.6286566315873013,1,0.6589568073828291,1
1,0,0.7788623091293726,1,0.7834914480208138,1,0.685484427817085,1,0.8400922288401388,1
0,1,0.1196807734199135,0,0.22969451420609185,0,0.22247749671001882,0,0.0779151602813082,0
0,0,0.5750369923651878,1,0.5930584290577444,1,0.6189843458711859,1,0.6614196840639012,1
1,0,0.4067965635456342,0,0.5087319432332476,1,0.4070139296299199,0,0.3957959418120356,0
0,1,0.5219315186337443,1,0.589340230935723,1,0.6068458577561291,1,0.8212402319059239,1
0,1,0.34641411619186685,0,0.41466057214866786,0,0.4512601105783263,0,0.372611582308957,0
1,0,0.8923940128263548,1,0.7716114797258627,1,0.7724636079310678,1,0.9110121717946651,1
0,0,0.8554319064529123,1,0.7913252901801672,1,0.6918869876061151,1,0.8184769760200221,1
1,0,0.598104801329195,1,0.6901268614260015,1,0.581786482426985,1,0.5537765766225036,1
0,1,0.46548408047496803,0,0.6508871681608758,1,0.6522574591505096,1,0.4459858326921541,0
1,1,0.41901285315104536,0,0.48665777249487285,0,0.43056541177848523,0,0.46426179938877576,0
1,0,0.7789558228311528,1,0.7468677407184787,1,0.6471780981218102,1,0.7804442231604733,1
1,1,0.29567342957152576,0,0.21535903249777685,0,0.28658198412795727,0,0.38328892422813704,0
0,1,0.521876784595439,1,0.5009151029795429,1,0.5844901660746847,1,0.5695765192942295,1
0,1,0.5250588303182562,1,0.43521760888742844,0,0.506148590685839,1,0.5423968711541843,1
1,1,0.3976002634856985,0,0.41444127614039566,0,0.3898775415704867,0,0.39913568087730383,0
1,0,0.1327904708208969,0,0.28085901532370666,0,0.1750831980940425,0,0.10023154809309423,0
1,0,0.5406973639650212,1,0.4274873551188194,0,0.4038037514346851,0,0.30760832276639066,0
1,1,0.7049987843749046,1,0.6949968176691145,1,0.7445722982637901,1,0.6230822153167926,1
0,1,0.6793939897578664,1,0.6692910355433205,1,0.7699306169939528,1,0.8053063193485426,1
0,1,0.8741083328366943,1,0.8160979930716515,1,0.8792532633121364,1,0.9175165770452719,1
1,0,0.5290455167080357,1,0.5093092457075702,1,0.4914517893138074,0,0.473771195402263,0
0,1,0.31446225691673585,0,0.2688104800277355,0,0.322182364999354,0,0.41747115574173194,0
0,1,0.34641411619186685,0,0.41466057214866786,0,0.4512601105783263,0,0.372611582308957,0
1,1,0.7285183736634703,1,0.7143517330043242,1,0.8235444705900878,1,0.8644664099559206,1
0,1,0.7518694536741131,1,0.6931529784325527,1,0.7338017488004722,1,0.7511154570659817,1
1,1,0.7579543499029997,1,0.7242491433065857,1,0.7594666277792427,1,0.8162149754783038,1
1,1,0.7049987843749046,1,0.6949968176691145,1,0.7445722982637901,1,0.6230822153167926,1
0,1,0.4096004528426912,0,0.4847123982614405,0,0.5322732747549384,1,0.40358385043697836,0
1,0,0.6070192024047896,1,0.5618362001322814,1,0.4926033917610087,0,0.6375376928033774,1
0,0,0.681828085124857,1,0.4666113058560405,0,0.3826076822596589,0,0.5066973022174713,1
0,1,0.41901285315104536,0,0.48665777249487285,0,0.43056541177848523,0,0.46426179938877576,0
0,1,0.3175583852985388,0,0.27456695567952627,0,0.35802804609925376,0,0.2911399215305515,0
1,0,0.5176153985572203,1,0.5237654934943503,1,0.42867391799762794,0,0.6468447208254139,1
0,1,0.2558679512447425,0,0.342241502640776,0,0.3884644993582596,0,0.26991988242741993,0
0,1,0.17443376478956718,0,0.14636073733051305,0,0.2038931385109122,0,0.056506228461419394,0
0,1,0.120547194085125,0,0.15928897925770857,0,0.17435347770456894,0,0.12507370190994962,0
1,0,0.8111344564833827,1,0.7959715952586969,1,0.6994796842687449,1,0.6825294069487964,1
1,1,0.47491354253299634,0,0.47004456230662994,0,0.5324776745150119,1,0.5375819714739453,1
1,0,0.7566827560529887,1,0.7711354705548609,1,0.7500108621233155,1,0.7897532580519253,1
0,1,0.17660162894073306,0,0.16751732664659524,0,0.18754798656676183,0,0.09362322443758762,0
1,1,0.3073207955963072,0,0.31786816812648877,0,0.3811961205886543,0,0.23251754275228398,0
0,0,0.15015110444250748,0,0.2127308724572158,0,0.1547945417920838,0,0.1115109726826829,0
0,1,0.4939775955924599,0,0.6820595408951983,1,0.7089672108847275,1,0.5677991727336713,1
1,0,0.6537115428937155,1,0.7434851543818575,1,0.6470590196756812,1,0.7938064299391787,1
1,1,0.36674835474515743,0,0.4868835078492563,0,0.4931758508636109,0,0.37388085558889106,0
0,1,0.29567342957152576,0,0.21535903249777685,0,0.28658198412795727,0,0.38328892422813704,0
0,0,0.6569074223924087,1,0.7373254943027362,1,0.6371686195980772,1,0.6955777024721692,1
0,0,0.4996902752193253,0,0.42965690067290396,0,0.443328404779169,0,0.4556115087068031,0
1,0,0.41936877405963174,0,0.4700676408863271,0,0.32525134077010515,0,0.2662941462081964,0
1,0,0.8296256634214629,1,0.7947269039569623,1,0.6971941568457314,1,0.7622681144944243,1
0,0,0.8640255692076727,1,0.7681470391850634,1,0.7778120997634713,1,0.8654114848684684,1
1,0,0.8123609629583683,1,0.7375290097612137,1,0.6548672988933664,1,0.77926181825752,1
0,0,0.48341718240134796,0,0.5270185107821327,1,0.5606808728371855,1,0.7467979560461512,1
0,1,0.7632176119836184,1,0.7298529228186178,1,0.7640374476208971,1,0.8046188953684928,1
1,1,0.6469132368400643,1,0.5062116549966165,1,0.5699245776846706,1,0.6588099908722904,1
0,0,0.6019058783594722,1,0.6943381832152842,1,0.5573630539307289,1,0.6058677594459669,1
1,1,0.5535398915297938,1,0.5410593355404474,1,0.5793444194606507,1,0.5855965081533986,1
0,1,0.3093845569015224,0,0.2632343235943563,0,0.33019625450360274,0,0.2621492878074007,0
0,1,0.17860596558869915,0,0.32159393249562207,0,0.3318863540239947,0,0.1596458586738584,0
1,0,0.6350846214682324,1,0.5388747509969877,1,0.5708194131673969,1,0.5518998659932409,1
1,1,0.7613560101731964,1,0.7914873549129645,1,0.850726204282867,1,0.6687151864263924,1
1,1,0.2697137841102239,0,0.3609109208641387,0,0.34555473035059714,0,0.3298047843387918,0
0,0,0.8640255692076727,1,0.7681470391850634,1,0.7778120997634713,1,0.8654114848684684,1
0,1,0.6989518726534537,1,0.6889781193373021,1,0.7397528539255831,1,0.6795198200757527,1
0,1,0.21691450578972749,0,0.20197214215384268,0,0.23347465981376603,0,0.17803187112194754,0
1,0,0.5770381343352268,1,0.5515222101066423,1,0.496224676330696,0,0.4678512407359582,0
1,1,0.46888001126216805,0,0.48795537595992655,0,0.5516098421605798,1,0.4128217207263252,0
1,0,0.8227119560622719,1,0.7294147808336746,1,0.7371997757531525,1,0.8794453578580042,1
0,1,0.1402845218215942,0,0.25142274187138297,0,0.2381139328194634,0,0.16868823244152034,0
0,0,0.6019058783594722,1,0.6943381832152842,1,0.5573630539307289,1,0.6058677594459669,1
0,1,0.2697137841102239,0,0.3609109208641387,0,0.34555473035059714,0,0.3298047843387918,0
0,1,0.2263174937973738,0,0.1795203170604489,0,0.20503797024692533,0,0.17216483547056832,0
1,1,0.6179296063594103,1,0.4528307143556547,0,0.49997562485129904,0,0.4981175860876276,0
0,1,0.2097802658958763,0,0.20003832485284403,0,0.23904228388148738,0,0.22707044751290342,0
0,1,0.18653333159697028,0,0.3407724495482971,0,0.32019343865767147,0,0.1370412696260276,0
0,1,0.5286025340268088,1,0.7507094404770929,1,0.7544626590231431,1,0.4667109598322132,0
0,1,0.35462803511211655,0,0.3958236275476547,0,0.4794560679861663,0,0.433244037017292,0
1,0,0.683533659994977,1,0.6919868908052559,1,0.6150406771728739,1,0.7588084121786924,1
1,0,0.8205411050150971,1,0.7885486626113307,1,0.7691054489351701,1,0.8091604036513528,1
1,1,0.19328678959202034,0,0.29317730856822793,0,0.28970287952099805,0,0.189200205428592,0
0,1,0.16454556437130044,0,0.2637845641334683,0,0.28148098969765273,0,0.18972381989542791,0
0,1,0.09995527165087202,0,0.1310363441010505,0,0.16953394028004262,0,0.014847621338045921,0
1,0,0.8589699220313181,1,0.7959499992994951,1,0.6972300501208225,1,0.8300036669362288,1
0,0,0.5366248413060433,1,0.615816637748019,1,0.523140982043895,1,0.47797365687569066,0
0,1,0.357323458313104,0,0.36902744842696766,0,0.3865143123415639,0,0.3926724411017094,0
0,1,0.5095629560709651,1,0.5675572279509287,1,0.6133736777775571,1,0.5448479950488243,1
0,1,0.44548212850039837,0,0.344397105177175,0,0.3861801915470194,0,0.4509139807915524,0
1,0,0.7137625101727227,1,0.6975432391717754,1,0.6165381005605446,1,0.6904953785442218,1
0,1,0.4003681923168896,0,0.5556877541092644,1,0.5974234538002676,1,0.3651109732157298,0
0,1,0.4792262702582372,0,0.4632680633836741,0,0.4925113484957809,0,0.4473343807637016,0
0,0,0.13431585224111334,0,0.2684058429191624,0,0.2210037444420782,0,0.08767390809042827,0
0,1,0.7788623091293726,1,0.7834914480208138,1,0.7930199586488361,1,0.8400922288401388,1
1,1,0.7231865593698835,1,0.7806367848182545,1,0.7882130685176226,1,0.7603524438733207,1
0,1,0.5391900955355663,1,0.6128977885645382,1,0.6739143973307327,1,0.6092749052155623,1
0,1,0.15553767572243596,0,0.21902737155406748,0,0.21816265915325372,0,0.11920839834553926,0
1,1,0.35462803511211655,0,0.3958236275476547,0,0.4794560679861663,0,0.433244037017292,0
1,0,0.3790861343352871,0,0.42149684469805626,0,0.3547395211090887,0,0.4878649998445691,0
0,0,0.7244681455652097,1,0.5625527955207661,1,0.5400306170280611,1,0.6834975308076615,1
1,0,0.6109402134747647,1,0.5193835969851738,1,0.43329596174984397,0,0.586710369112348,1
1,1,0.728935470397184,1,0.7854341457914679,1,0.7923869546204196,1,0.7836641594703511,1
1,0,0.8235322772710205,1,0.7927555912263906,1,0.7036685798155113,1,0.8295879056492491,1
1,1,0.3632110380970443,0,0.3204192494790443,0,0.38360274032489405,0,0.2606898759057395,0
0,1,0.655430885700288,1,0.8366411652288573,1,0.8277262943359167,1,0.9086355851098648,1
0,1,0.7788623091293726,1,0.7834914480208138,1,0.7930199586488361,1,0.8400922288401388,1
1,1,0.16691284898644276,0,0.19130684478578955,0,0.22379709770389053,0,0.11307278400439111,0
1,0,0.6230304764788479,1,0.4994515705141818,0,0.5295789422768503,1,0.3280731784924201,0
1,1,0.39404927350064717,0,0.4155168802932039,0,0.5075028358814097,1,0.6508993722917921,1
0,1,0.34703099345379723,0,0.32993286449881426,0,0.40961472858161385,0,0.3165810112168239,0
0,1,0.7086172862886955,1,0.6192059530921884,1,0.6584012556120833,1,0.7078976010423843,1
0,1,0.5463859606117384,1,0.5340395676635408,1,0.573194478077358,1,0.5978954608929389,1
1,0,0.5453858249734492,1,0.4486841042260736,0,0.35588500121612754,0,0.42409525063810605,0
0,0,0.7137625101727227,1,0.6975432391717754,1,0.6165381005605446,1,0.6904953785442218,1
0,0,0.745691797340928,1,0.7700985664379825,1,0.7585410008469766,1,0.8844373857130172,1
0,0,0.48644384198347684,0,0.47029648798416385,0,0.36148963833981396,0,0.4999635582927104,0
0,1,0.48581833389623663,0,0.5547902407272588,1,0.5764317592810065,1,0.7962969649238225,1
1,0,0.6433542990186435,1,0.6152489006491547,1,0.5157462012224184,1,0.6786812681745665,1
0,0,0.8235322772710205,1,0.7927555912263906,1,0.7036685798155113,1,0.8295879056492491,1
1,1,0.7241094416669746,1,0.6875521040726661,1,0.7325636106868011,1,0.6387369731093141,1
1,1,0.5391900955355663,1,0.6128977885645382,1,0.6739143973307327,1,0.6092749052155623,1
1,1,0.8478857038668425,1,0.7443910381903079,1,0.7738174597093127,1,0.8108489237508941,1
0,1,0.32653121565696686,0,0.23660005103495246,0,0.310482657575558,0,0.3391836580502065,0
1,0,0.5319240385551073,1,0.4947650475346033,0,0.4264363169649597,0,0.5491055251471584,1
0,1,0.4772645619987963,0,0.4270349685217618,0,0.4061402599897151,0,0.7566356229297586,1
0,1,0.17860596558869915,0,0.32159393249562207,0,0.3318863540239947,0,0.1596458586738584,0
1,0,0.7518694536741131,1,0.6931529784325527,1,0.6106068345371962,1,0.7511154570659817,1
0,1,0.3931818600123591,0,0.35621262013645727,0,0.519559656932319,1,0.38631418893945124,0
0,1,0.3546263232032407,0,0.2671055969909873,0,0.35727999089104956,0,0.5468283626539632,1
0,1,0.3699224759994733,0,0.32659920006555765,0,0.3895752404223001,0,0.2843705785280169,0
